vispub_doi,vispub_title,aminer_id,aminer_title,score
10.1109/vast.2011.6102438,Characterizing the intelligence analysis process: Informing visual analytics design through a longitudinal field study,53e9a627b7602d9702f54d44,characterizing the intelligence analysis process through a longitudinal field study: implications for visual analytics,91
10.1109/vast.2011.6102460,A visual analytics process for maritime resource allocation and risk assessment,53e9af53b7602d9703995feb,"a visual analytics process for maritime response, resource allocation and risk assessment",95
10.1109/vast.2011.6102475,3D Visualization of temporal changes in bloggers' activities and interests,5390b63320f70186a0f17be0,analysis and visualization of temporal changes in bloggers' activities and interests,90
10.1109/vast.2011.6102469,Exploring agent-based simulations using temporal graphs,53e99d6cb7602d9702623838,exploring agent-based simulations in political science using aggregate temporal graphs,78
10.1109/tvcg.2009.153,Interactive Dimensionality Reduction Through User-defined Combinations of Quality Metrics,53e9bc61b7602d97048dceed,enhancing clustering quality through landmark-based dimensionality reduction.,68
10.1109/vast.2009.5333472,Analysis of community-contributed space- and time-referenced data (example of flickr and panoramio photos),5390a72220f70186a0e8af49,analysis of community-contributed space-and time-referenced data (example of panoramio photos).,94
10.1109/vast.2009.5333421,ProcessLine: Visualizing time-series data in process industry,53e9ae28b7602d9703838ae6,visual-interactive preprocessing of time series data.,73
10.1109/vast.2008.4677370,Multidimensional visual analysis using cross-filtered views,5390a8b220f70186a0e9bb15,cross-filtered views for multidimensional visual analysis,91
10.1109/vast.2007.4389035,VAST to Knowledge: Combining tools for exploration and mining,5390a45620f70186a0e733e6,vast to knowledge: combining tools for exploration and mining,100
10.1109/vast.2007.4389020,University of British Columbia & Simon Fraser University - The Bricolage,5390a45620f70186a0e733eb,university of british columbia & simon fraser university - the bricolage,100
10.1109/tvcg.2006.168,On Histograms and Isosurface Statistics,5390a28020f70186a0e62b98,revisiting histograms and isosurface statistics,88
10.1109/tvcg.2006.183,Texturing of Layered Surfaces for Optimal Viewing,53909a9320f70186a0e21ac2,grid with a view: optimal texturing for perception of layered surface shape,75
10.1109/visual.2005.1532781,The value of visualization,60f170fd5244ab9dcb0a63be,the value of immersive visualization,84
10.1109/visual.2005.1532826,Evolutionary morphing,67ab3a50ae8580e7ff69e016,evolutionary programming.,80
10.1109/visual.2005.1532788,VisTrails: enabling interactive multiple-view visualizations,5390bf1320f70186a0f50c51,exploring movies through interactive visualizations.,73
10.1109/visual.2005.1532856,VolumeShop: an interactive system for direct volume illustration,53909a9320f70186a0e218e8,volumeshop: interactive direct volume illustration,88
10.1109/visual.2005.1532833,View selection for volume rendering,5390b78a20f70186a0f2346d,viewpoint selection based on nm-pso for volume rendering,77
10.1109/visual.2005.1532795,A contract based system for large data visualization,53e9b6bfb7602d9704245e7f,a visualization service for event-based systems,77
10.1109/visual.2005.1532800,Streaming meshes,5390a1d420f70186a0e577fe,spreading messages,76
10.1109/infvis.2005.1532122,"Baby names, visualization, and social data analysis",5390a79f20f70186a0e922ec,data visualization and social data analysis,87
10.1109/visual.2005.1532807,Statistically quantitative volume visualization,53e99a92b7602d9702307e41,interactive multi-volume visualization,73
10.1109/visual.2005.1532834,A feature-driven approach to locating optimal viewpoints for volume visualization,5390a2be20f70186a0e64bd5,modeling and visualization approaches for time-varying volumetric data,69
10.1109/visual.2005.1532832,Farthest point seeding for efficient placement of streamlines,58437735ac44360f1083222c,adaptive distance grid based algorithm for farthest point seeding streamline placement,72
10.1109/visual.2005.1532818,The magic volume lens: an interactive focus+context technique for volume rendering,539099b320f70186a0e1af62,interactive pc texture-based volume rendering for large datasets,69
10.1109/visual.2005.1532859,Visualization with stylized line primitives,5390bae620f70186a0f3bd96,experiments with malware visualization,72
10.1109/visual.2005.1532850,Visual analysis and exploration of fluid flow in a cooling jacket,5c3c5ecbdf5b8c0b3cc8b4e8,visual analysis of haze evolution and correlation in beijing,69
10.1109/visual.2005.1532839,Topology-based simplification for feature extraction from 3D scalar fields,53e9a86fb7602d97031bb975,topological simplification of planar flow field based on physical feature,75
10.1109/infvis.2005.1532134,Visual correlation for situational awareness,539089bb20f70186a0d99092,visualization for situational awareness,77
10.1109/visual.2005.1532820,Opening the black box - data driven visualization of neural networks,5c890edd4895d9cbc6ac47d1,opening the black box of deep neural networks via information.,79
10.1109/visual.2005.1532836,Understanding visualization through spatial ability differences,5390bfa220f70186a0f54c78,understanding city dynamics through spatio-temporal visualization.,81
10.1109/visual.2005.1532858,Illustration and photography inspired visualization of flows and volumes,557c8d7f6feeaa8086da16f7,illustration-inspired visualization of blood flow dynamics,72
10.1109/visual.2005.1532792,Query-driven visualization of large data sets,57a4e92fac44365e35c9b60c,interactive visualization of large data sets.,83
10.1109/visual.2005.1532783,Curve-skeleton applications,5390b4c420f70186a0efed47,elliptic curves for applications,78
10.1109/visual.2005.1532851,Extraction of parallel vector surfaces in 3D time-dependent fields and application to vortex core line tracking,614c51ef5244ab9dcb153901,application of detection and correlation filter in long-term vehicle tracking,65
10.1109/visual.2005.1532842,Extracting higher order critical points and topological simplification of 3D vector fields,53e9987db7602d97020b4b86,topological construction and visualization of higher order 3d vector fields.,68
10.1109/visual.2005.1532830,Opening the can of worms: an exploration tool for vortical flows,5390bfa220f70186a0f5391a,an evalution framework for the selection of virtual world tools,67
10.1109/visual.2005.1532819,Effectively visualizing large networks through sampling,5cf65cfb3a55ac5f70283ccf,evaluating network partitions through visualization,68
10.1109/visual.2005.1532790,Phonon tracing for auralization and visualization of sound,53e9b828b7602d97043e2575,application of a tool for ontology visualization.,72
10.1109/visual.2005.1532785,COTS cluster-based sort-last rendering: performance evaluation and pipelined implementation,56d82d6adabfae2eee0c48a6,"design, implementation, and performance evaluation of efficient pmipv6 based mobile multicast sender support schemes.",73
10.1109/visual.2005.1532773,HOT-lines: tracking lines in higher order tensor fields,6235b79b5aee126c0f7dede4,visualizing higher-order 3d tensors by multipole lines.,67
10.1109/visual.2005.1532853,Texture-based visualization of uncertainty in flow fields,5736982f6e3b12023e70038a,visualization of uncertainty in tag clouds.,75
10.1109/visual.2005.1532841,Topological structures of 3D tensor fields,5390979920f70186a0e0054b,topological lines in 3d tensor fields,81
10.1109/visual.2005.1532803,Reflection nebula visualization,53e997bab7602d9701fa3e41,visualization education,78
10.1109/visual.2005.1532778,Fast and reproducible fiber bundle selection in DTI visualization,53e9a8d3b7602d9703221346,feature selection on process fault detection and visualization,76
10.1109/visual.2005.1532777,Visualization of white matter tracts with wrapped streamlines,539087d420f70186a0d5fda4,real-time geographic visualization of world wide web traffic.,68
10.1109/visual.2005.1532780,The application of GPU particle tracing to diffusion tensor field visualization,558c7ddd84ae6766fdf36571,application of monitoring support visualization to bug tracking systems,71
10.1109/visual.2005.1532812,High dynamic range volume visualization,539099a220f70186a0e17080,hdr volvis: high dynamic range volume visualization.,88
10.1109/visual.2005.1532797,Batched multi triangulation,53e9979fb7602d9701f6f4f6,balanced triangulations,76
10.1109/visual.2005.1532817,Dataset traversal with motion-controlled transfer functions,623a900f5aee126c0f36d163,metamorph: learning universal controllers with transformers,67
10.1109/visual.2005.1532810,Prefiltered Gaussian reconstruction for high-quality rendering of volumetric data sampled on a body-centered cubic grid,5390a93b20f70186a0e9fd3e,an evaluation of prefiltered b-spline reconstruction for quasi-interpolation on the body-centered cubic lattice,70
10.1109/visual.2005.1532789,Build-by-number: rearranging the real world to visualize novel architectural spaces,53909f2d20f70186a0e393d2,state-of-the-art rendering techniques in real-time architectural visualization.,64
10.1109/visual.2005.1532852,Particle and texture based spatiotemporal visualization of time-dependent vector fields,5390b7ff20f70186a0f276d9,topology-based visualization of time-dependent 2d vector fields,77
10.1109/visual.2005.1532846,A handheld flexible display system,5390bae520f70186a0f3b603,flexpad: a highly flexible handheld display.,76
10.1109/visual.2005.1532837,Eyegaze analysis of displays with combined 2D and 3D views,56d87ce6dabfae2eee48a85f,combined analysis of news and twitter messages.,65
10.1109/infvis.2005.1532133,Turning the bucket of text into a pipe,53e99b63b7602d97024095a8,the theory and practice of io tuning.,68
10.1109/visual.2005.1532840,Topology-driven surface mappings with robust feature alignment,6226c93d5aee126c0fd57bfc,spatio-temporal gait feature with global distance alignment,66
10.1109/visual.2005.1532831,Strategy for seeding 3D streamlines,5b8c9eea17c44af36f8b00c4,a stream ribbon seeding strategy.,78
10.1109/visual.2005.1532770,2D asymmetric tensor analysis,53e997e9b7602d9701fe4ef9,bayesian tensor analysis,75
10.1109/visual.2005.1532811,VolQD: direct volume rendering of multi-million atom quantum dot simulations,5b8c9f0717c44af36f8b188e,high-quality volume rendering of dark matter simulations.,67
10.1109/visual.2005.1532809,Rendering tetrahedral meshes with higher-order attenuation functions for digital radiograph reconstruction,539099a220f70186a0e17082,projected tetrahedra revisited: a barycentric formulation applied to digital radiograph reconstruction using higher-order attenuation functions.,72
10.1109/visual.2005.1532804,Multimodal exploration of the fourth dimension,558bdafb84ae6766fdef9fec,multi-dimensional exploration of api usage,73
10.1109/visual.2005.1532798,View-dependent rendering of multiresolution texture-atlases,573698196e3b12023e6ecfe0,interactive rendering to view-dependent texture-atlases.,79
10.1109/visual.2005.1532796,Interactive rendering of large unstructured grids using dynamic level-of-detail,53e99a85b7602d97022f92bf,interactive level-of-detail rendering of large graphs,76
10.1109/visual.2005.1532847,Profile Flags: a novel metaphor for probing of T₂ maps,53e9a9c4b7602d970332590d,a novel method for fast processing of large remote sensed image,67
10.1109/visual.2005.1532835,Visualizing intersecting surfaces with nested-surface techniques,539087a120f70186a0d45b35,some techniques for visualizing surfaces in four-dimensional space,71
10.1109/visual.2005.1532828,Differential protein expression analysis via liquid-chromatography/mass-spectrometry data visualization,53e9a4b2b7602d9702dd484d,selecting targets for therapeutic validation through differential protein expression using chromatography-mass spectrometry,69
10.1109/visual.2005.1532821,Interactive visual analysis and exploration of injection systems simulations,5390a2be20f70186a0e645a2,simulation and formal analysis of visual attention in cognitive systems,78
10.1109/visual.2005.1532799,Exploiting frame-to-frame coherence for accelerating high-quality volume raycasting on graphics hardware,5390b86b20f70186a0f28148,"accelerated, high-quality refraction computations for volume graphics",65
10.1109/visual.2005.1532786,OpenGL multipipe SDK: a toolkit for scalable parallel rendering,53e9adc7b7602d97037cb18a,"micro-rendering for scalable, parallel final gathering.",66
10.1109/visual.2005.1532844,Visualizing the tightening of knots,5390bb7b20f70186a0f40af2,visualizing the turing tarpit.,69
10.1109/visual.2005.1532843,Visualization of the genus of knots,53e9ac82b7602d970365724a,the visualization of knots and braids.,81
10.1109/visual.2005.1532815,Hardware-accelerated simulated radiography,5390b48420f70186a0efcacb,hardware-accelerated template matching.,75
10.1109/visual.2005.1532801,Stream-processing points,53908b9320f70186a0dc1839,stream processing,83
10.1109/visual.2005.1532776,Framework for visualizing higher-order basis functions,53909eef20f70186a0e368c6,a framework for higher-order functions in c++.,78
10.1109/infvis.2005.1532140,Multivariate glyphs for multi-object clusters,62cd53985aee126c0f1b8a98,multivariate multi-layer classifier,70
10.1109/visual.2005.1532854,Example-based volume illustrations,53e99b1bb7602d97023b0946,shape‐aware volume illustration,74
10.1109/visual.2005.1532827,Hardware-accelerated 3D visualization of mass spectrometry data,53e99db8b7602d9702676c7e,hardware accelerated medical data visualisation on the web.,76
10.1109/visual.2005.1532825,Marching diamonds for unstructured meshes,573695c56e3b12023e4ded69,comparison of mapping operators for unstructured meshes,69
10.1109/visual.2005.1532813,Volume rendering of smoke propagation CFD data,5390b2d620f70186a0eebc8b,direct volume rendering of volumetric protein data,71
10.1109/visual.2005.1532808,Scale-invariant volume rendering,539089ab20f70186a0d96b35,interactive spectral volume rendering,78
10.1109/visual.2005.1532802,VolumeExplorer: roaming large volumes to couple visualization and data processing for oil and gas exploration,5c2c7a9217c44a4e7cf3111b,wolfexplorer: a tool for visualization and exploration of complex multi-year multi-specimen datasets.,71
10.1109/visual.2005.1532794,Distributed data management for large volume visualization,5390994d20f70186a0e13803,distributed volume rendering on a visualization cluster,76
10.1109/visual.2005.1532784,Sort-middle multi-projector immediate-mode rendering in Chromium,53e9ae96b7602d97038b5f58,a multi-image restoration method for image reconstruction from projections,62
10.1109/visual.2005.1532774,Visualizing tensor fields in geomechanics,609a7025e4510cd7c89544ae,visualization of tensor fields in mechanics,83
10.1109/visual.2005.1532771,Exploring 2D tensor fields using stress nets,539099ec20f70186a0e1bfe5,exploring sensor networks using mobile agents,70
10.1109/visual.2005.1532848,Eyelet particle tracing - steady visualization of unsteady flow,5ff881bc91e011c83266db19,static visualization of unsteady flows by flow steadification.,77
10.1109/visual.2005.1532845,Visualization in the Einstein Year 2005: a case study on explanatory and illustrative visualization of relativity and astrophysics,539099a220f70186a0e17087,explanatory and illustrative visualization of special and general relativity,64
10.1109/visual.2005.1532824,Reconstructing manifold and non-manifold surfaces from point clouds,573697746e3b12023e65be30,3d surface reconstruction from point-and-line cloud,78
10.1109/visual.2005.1532805,High performance volume splatting for visualization of neurovascular data,63f6d6cf90e50fcafd1e9fa2,web performance evaluation of high volume streaming data visualization.,74
10.1109/visual.2005.1532793,Visualization of time-dependent remote adaptive mesh refinement data,5390a28020f70186a0e62b8e,query-driven visualization of time-varying adaptive mesh refinement data,79
10.1109/visual.2005.1532849,Interpolation and visualization for advected scalar fields,539087f820f70186a0d72a66,c1-interpolation for vector field topology visualization,74
10.1109/visual.2005.1532829,The software interface to the 3D-force microscope,53e9a6bbb7602d9702fecda2,csnet protocol software: the ip-to-x.25 interface,72
10.1109/visual.2005.1532816,Fast visualization by shear-warp on quadratic super-spline models using wavelet data decompositions,53e9993fb7602d970217beeb,fast visualization by shear warp using spline models for data reconstruction.,72
10.1109/infvis.2005.1532153,Turning information visualization innovations into commercial products: lessons to guide the next success,53e99924b7602d9702160388,using data visualisation to represent stages of the innovation-decision process.,64
10.1109/visual.2004.120,Visualizing competitive behaviors in multi-user virtual environments,599c7c8a601a182cd27baacb,user's behaviours in a collaborative task - real vs. virtual environments.,74
10.1109/visual.2004.64,Lighting transfer functions using gradient aligned sampling,573697836e3b12023e669cf0,dense sampling of 3d color transfer functions using hdr photography.,68
10.1109/visual.2004.65,Linear and cubic box splines for the body centered cubic lattice,5390979920f70186a0e00526,practical box splines for reconstruction on the body centered cubic lattice,73
10.1109/visual.2004.68,Local and global comparison of continuous functions,53908a7420f70186a0da286f,definitions and comparisons of local computations on graphs,75
10.1109/visual.2004.25,Display of vector fields using a reaction-diffusion model,53e9b577b7602d97040b4a2f,activity recognition using a mixture of vector fields,71
10.1109/visual.2004.52,Interactive point-based isosurface extraction,53909a9320f70186a0e21a8a,interactive point-based isosurface exploration and high-quality rendering,73
10.1109/visual.2004.3,A graphics hardware-based vortex detection and visualization system,5390979920f70186a0e0053d,on a graphics hardware-based vortex detection and visualization system,98
10.1109/visual.2004.91,Rendering planar cuts through quadratic and cubic finite elements,5390aeba20f70186a0ecaa3a,analysis of the cbs constant for quadratic finite elements,63
10.1109/visual.2004.63,Light weight space leaping using ray coherence,607963cb91e011e7b3d0cd0c,image super-resolution using light-weight deep learning methods,64
10.1109/visual.2004.106,Topology visualization of the optical power flow through a novel C-shaped nano-aperture,5390b68720f70186a0f1d26e,sybil attack detection through global topology pattern visualization,65
10.1109/infvis.2004.45,"Major Information Visualization Authors, Papers and Topics in the ACM Library",5c234920da562935fc1d6281,a graph-based visualization of time-series information in multiple texts,69
10.1109/infvis.2004.39,InfoVisExplorer,5c20b1f6da5629702063af2e,fogexplorer,77
10.1109/visual.2004.115,Visualization of salt-induced stress perturbations,53909a9320f70186a0e21832,visualization of personal stories,72
10.1109/infvis.2004.29,Hypothesis Visualization,5390a1e620f70186a0e5995c,dynamic process visualization,75
10.1109/visual.2004.69,LoD volume rendering of FEA data,539089bb20f70186a0d98eea,volume rendering of pool fire data.,85
10.1109/visual.2003.1250414,Curvature-based transfer functions for direct volume rendering: methods and applications,619ba5281c45e57ce98e9f37,automatic transfer function design for medical direct volume rendering via clustering-based ray analysis,73
10.1109/visual.2003.1250400,Using deformations for browsing volumetric data,5390a17720f70186a0e5211e,interactive deformation using volumetric constraints,73
10.1109/visual.2003.1250385,Compression domain volume rendering,573696726e3b12023e57ecf7,compressive volume rendering,83
10.1109/visual.2003.1250364,Image space based visualization of unsteady flow on surfaces,5390bd1520f70186a0f42fd9,image-space texture-based output-coherent surface flow visualization.,77
10.1109/visual.2003.1250408,Large mesh simplification using processing sequences,58437789ac44360f108437d6,mesh simplification using hybrid saliency,71
10.1109/visual.2003.1250402,High dimensional direct rendering of time-varying volumetric data,53e99c6eb7602d9702521f93,interactive direct volume rendering of time-varying data.,78
10.1109/visual.2003.1250392,Conveying shape and features with image-based relighting,573696016e3b12023e5147e5,action recognition with image based cnn features,75
10.1109/visual.2003.1250369,Fast volume segmentation with simultaneous visualization using programmable graphics hardware,539087eb20f70186a0d6c05f,probabilistic segmentation of volume data for visualization using som-pnn classifier,64
10.1109/visual.2003.1250357,Interactive deformation and visualization of level set surfaces using graphics hardware,5390958a20f70186a0deffbe,interactive computation and visualization of fetch using standard computer graphics hardware.,76
10.1109/visual.2003.1250413,A novel interface for higher-dimensional classification of volume data,53e9b2d1b7602d9703d7d591,diffuse interface models on graphs for classification of high dimensional data,80
10.1109/infvis.2003.1249028,Thread Arcs: an email thread visualization,53909ee020f70186a0e3392c,visualization and the art of metaphor,72
10.1109/visual.2003.1250372,Clifford convolution and pattern matching on vector fields,5390a63c20f70186a0e82825,color deconvolution and support vector machines,70
10.1109/visual.2003.1250361,A texture-based framework for spacetime-coherent visualization of time-dependent vector fields,539098b820f70186a0e0a6d6,chameleon: an interactive texture-based rendering framework for visualizing three-dimensional vector fields.,74
10.1109/visual.2003.1250353,Advanced curved planar reformation: flattening of vascular structures,5390b63320f70186a0f17bf6,centerline reformations of complex vascular structures,69
10.1109/visual.2003.1250370,Hybrid segmentation and exploration of the human lungs,5ef5ce099fced0a24b7dd8db,human-in-the-loop image segmentation and annotation,74
10.1109/visual.2003.1250388,Empty space skipping and occlusion clipping for texture-based volume rendering,5a73cbcc17c44a0b3035f82e,a cache-friendly sampling strategy for texture-based volume rendering on gpu.,70
10.1109/visual.2003.1250377,3D IBFV: hardware-accelerated 3D flow visualization,5390a5dc20f70186a0e7f493,a hardware accelerated algorithm for terrain visualization,74
10.1109/visual.2003.1250396,Mental registration of 2D and 3D visualizations (an empirical study),53908b9320f70186a0dbfb56,integrated registration and visualization of medical image data,70
10.1109/visual.2003.1250379,HyperLIC,53e9978db7602d9701f4f420,hyperwelcome.,70
10.1109/visual.2003.1250360,Feature-sensitive subdivision and isosurface reconstruction,65ade39c939a5f4082323f26,a subdivision-based framework for shape reconstruction,71
10.1109/visual.2003.1250356,Extraction of topologically simple isosurfaces from volume datasets,53e9b11cb7602d9703b98b02,topological flow volume extraction from time-surface maps,76
10.1109/visual.2003.1250395,LightKit: a lighting system for effective visualization,5390979920f70186a0e00547,light collages: lighting design for effective visualization,75
10.1109/visual.2003.1250415,A visual exploration process for the analysis of Internet routing data,57d06412ac4436735429bbf2,visual exploration of machine learning results using data cube analysis.,72
10.1109/visual.2003.1250387,Hardware-based nonlinear filtering and segmentation using high-level shading languages,61f0028d91e01166c0b3b3fe,deep learning based lane line detection and segmentation using slice image feature,68
10.1109/visual.2003.1250380,Quasi-static approach approximation for 6 degrees-of-freedom haptic rendering,5390b13020f70186a0edc5d3,six degree-of-freedom haptic rendering for biomolecular docking,66
10.1109/visual.2003.1250354,Counting cases in marching cubes: toward a generic algorithm for producing substitopes,5390b48420f70186a0efa9df,a genetic algorithm for workload scheduling in cloud based e-learning,68
10.1109/infvis.2003.1249019,Constant density displays using diversity sampling,53e9abfdb7602d97035bc269,ellipse detection using sampling constraints,68
10.1109/visual.2003.1250351,Exploring curved anatomic structures with surface sections,599c7c49601a182cd279d7bb,unsupervised feature selection with adaptive structure learning,69
10.1109/infvis.2003.1249023,Coordinated graph and scatter-plot views for the visual exploration of microarray time-series data,539099a220f70186a0e1746e,animated interval scatter-plot views for the exploratory analysis of large-scale microarray time-course data,71
10.1109/visual.2003.1250397,Visualization of noisy and biased volume data using first and second order derivative techniques,55503f9745ce0a409eb2ef37,the evaluation of direct volume rendering-based uncertainty visualization techniques for 3d scalar data.,69
10.1109/visual.2003.1250371,Feature-space analysis of unstructured meshes,573697d86e3b12023e6b636a,shape analysis for unstructured sharing.,74
10.1109/visual.2003.1250411,Adaptive design of a global opacity transfer function for direct volume rendering of ultrasound data,5390b29820f70186a0ee9618,general adaptive transfer functions design for volume rendering by using neural networks,71
10.1109/visual.2003.1250422,Producing high-quality visualizations of large-scale simulation,53909a9320f70186a0e21d8e,m10 - realistic visualization for large-scale simulations.,75
10.1109/visual.2003.1250403,A frequency-sensitive point hierarchy for images and volumes,558af5b0e4b037c0875a312c,frequency sensitive motion control for a single joint arm model.,65
10.1109/visual.2003.1250398,Fairing scalar fields by variational modeling of contours,539096cb20f70186a0df7a5f,smooth constraints for spline variational modeling,67
10.1109/visual.2003.1250355,MC*: star functions for marching cubes,5e54f1813a55acae32a25d0c,learning cost functions for optimal transport,69
10.1109/visual.2003.1250367,Real-time refinement and simplification of adaptive triangular meshes,61b085c25244ab9dcb01cbd5,the model of thrombosis simulation based on adaptive mesh refinement,72
10.1109/visual.2003.1250424,Holographic video display of time-series volumetric medical data,64ffcc493fda6d7f06d0b060,from capture to display: a survey on volumetric video,66
10.1109/visual.2003.1250419,Visualization of steep breaking waves and thin spray sheets around a ship,53909a9320f70186a0e2177c,simulation and visualization of air flow around bat wings during flight.,64
10.1109/infvis.2003.1249022,Conveying shape with texture: an experimental investigation of the impact of texture type on shape categorization judgments,5390b5c620f70186a0f08b38,conveying shape with texture: experimental investigations of texture's effects on shape categorization judgments.,86
10.1109/visual.2003.1250348,IEEE Visualization 2003 (IEEE Cat. No.03CH37496),6156e6665244ab9dcb550092,gender in 30 years of ieee visualization.,64
10.1109/infvis.2003.1249024,Compound brushing,5390979920f70186a0dffceb,compound brushing explained,77
10.1109/infvis.2003.1249020,Empirical comparison of dynamic query sliders and brushing histograms,53908b4920f70186a0dbad26,dynamic query sliders vs. brushing histograms.,73
10.1109/infvis.2003.1249000,IEEE Symposium on Information Visualization 2003 (IEEE Cat. No.03TH8714),53e9a289b7602d9702b8d757,"australasian symposium on information visualisation, invis.au, adelaide, australia, 2003",65
10.1109/visual.2002.1183771,Efficient simplification of point-sampled surfaces,53909eef20f70186a0e356d5,a novel simplification algorithm for point-sampled surfaces.,77
10.1109/infvis.2002.1173155,Arc diagrams: visualizing structure in strings,5390a2be20f70186a0e64b0f,visualizing argument structure.,75
10.1109/visual.2002.1183768,Compressing polygon mesh geometry with parallelogram prediction,53e9a667b7602d9702f98ad7,compressing polygon mesh connectivity with degree duality prediction.,70
10.1109/visual.2002.1183774,Efficient computation of the topology of level sets,539089ab20f70186a0d96b40,parallel computation of the topology of level sets,81
10.1109/infvis.2002.1173145,Visualizing data with bounded uncertainty,63f82b2490e50fcafd058fbf,visualizing uncertainty in sets,75
10.1109/infvis.2002.1173151,InterRing: an interactive tool for visually navigating and manipulating hierarchical structures,5390958920f70186a0dee863,interring: a visual interface for navigating and manipulating hierarchies,83
10.1109/visual.2002.1183816,Case study: Interactive visualization for Internet security,63d92c6e90e50fcafdefbdf0,an interactive visualization system for network security data.,79
10.1109/visual.2002.1183794,Efficient compression and rendering of multi-resolution meshes,558a3053e4b037c08755aa26,pattern matching by means of multi-resolution compression.,74
10.1109/visual.2002.1183770,"PMR: point to mesh rendering, a feature-based approach",5390a55520f70186a0e7b14c,a phonetic feature based lattice rescoring approach to lvcsr,77
10.1109/visual.2002.1183808,Approximating normals for marching cubes applied to locally supported isosurfaces,5390a1d420f70186a0e58964,local maximal matching and local 2-approximation for vertex cover in udgs,64
10.1109/infvis.2002.1173146,Graphical encoding for information visualization: an empirical study,53e9a819b7602d970315f2ac,graph drawing and information visualization.,73
10.1109/infvis.2002.1173142,Visualization schemas for flexible information visualization,5390979920f70186a0e010f7,one-for-all: visualization of the information visualization symposia,79
10.1109/visual.2002.1183814,Immersive volume visualization of seismic simulations: A case study of techniques invented and lessons learned,617d1ce65244ab9dcbce136a,towards an immersive visualization of consumer-level simulations of vehicular traffic,64
10.1109/infvis.2002.1173143,Building a visual database for example-based graphics generation,599c7c22601a182cd278c9b3,ievq: an iterative example-based visual query for pathology database,69
10.1109/infvis.2002.1173163,Visual path analysis,53908a5720f70186a0da09fa,visual impact analysis,90
10.1109/infvis.2002.1173147,The illusion of perceived metric 3D structure,56d92623dabfae2eeebc2107,"particles, causation, and the metaphysics of structure",72
10.1109/infvis.2002.1173140,"Internet traffic: visualization, discovery, and very large displays",56d86040dabfae2eee768249,mice and elephants visualization of internet traffic,71
10.1109/visual.2001.964489,Point set surfaces,53e99a26b7602d970227f79e,defining point-set surfaces,80
10.1109/visual.2001.964519,Interactive volume rendering using multi-dimensional transfer functions and direct manipulation widgets,5390b86b20f70186a0f2811a,pre-integrated volume rendering for multi-dimensional transfer functions.,74
10.1109/infvis.2001.963273,Visualizing time-series on spirals,5390995d20f70186a0e1662c,visualizing tags over time,77
10.1109/infvis.2001.963283,Ordered treemap layouts,573697c06e3b12023e6a116c,layout of rooted trees.,71
10.1109/visual.2001.964490,EWA volume splatting,5390a7f520f70186a0e942e6,layered volume splatting,82
10.1109/visual.2001.964545,An immersive virtual environment for DT-MRI volume visualization applications: a case study,539089ab20f70186a0d96b6c,case study: a virtual environment for genomic data visualization,75
10.1109/infvis.2001.963286,Semantic depth of field,5b67b48817c44aac1c864291,tiled depth of field splatting.,75
10.1109/visual.2001.964523,Multiresolution feature extraction for unstructured meshes,558aeb3184ae84d265c06929,local feature extraction for image super-resolution,75
10.1109/infvis.2001.963274,Change blindness in information visualization: a case study,605194a19e795e94b6397163,a baseline study of emphasis effects in information visualization.,78
10.1109/visual.2001.964531,Real-time decompression and visualization of animated volume data,60952445e4510cd7c8d2cc17,real-time immersive vr visualization of ocean climate data,75
10.1109/infvis.2001.963287,Interactive visualization of multiple query results,5390958a20f70186a0def681,interactive visualization of quaternion julia sets.,81
10.1109/infvis.2001.963288,Pixel bar charts: a new technique for visualizing large multi-attribute data sets without aggregation,5390958920f70186a0dedfc4,pixel bar charts: a visualization technique for very large multi-attribute data sets,82
10.1109/visual.2001.964530,Smooth approximation and rendering of large scattered data sets,53e99d6cb7602d9702626fa8,parametric tilings and scattered data approximation.,72
10.1109/visual.2001.964521,Accelerated volume ray-casting using texture mapping,539087eb20f70186a0d6b607,high-quality volume rendering using texture mapping hardware.,70
10.1109/infvis.2001.963275,Cluster stability and the use of noise in interpretation of clustering,53e9ae69b7602d9703882fd6,evaluating interpretations of probability in the face of drifts.,69
10.1109/infvis.2001.963281,Visualization of state transition graphs,539089bb20f70186a0d988d0,interactive visualization of state transition systems,77
10.1109/visual.2001.964529,Normal bounds for subdivision-surface interference detection,53e9a905b7602d97032542f7,interference detection for subdivision surfaces.,86
10.1109/visual.2001.964514,Cell-projection of cyclic meshes,53e9a2c1b7602d9702bcbe2d,cell projection of meshes with non-planar faces,68
10.1109/visual.2001.964555,Computed tomography angiography: a case study of peripheral vessel investigation,67b2a672ae8580e7ff4a3a3f,dynamic-computed tomography angiography for cerebral vessel templates and segmentation,69
10.1109/visual.2001.964526,User-centric viewpoint computation for haptic exploration and manipulation,5736977f6e3b12023e6655f6,interactive streamline exploration and manipulation using deformation,69
10.1109/infvis.2001.963292,Case study: visualization for decision tree analysis in data mining,573697336e3b12023e623ca8,information visualization for csv open data files structure analysis,76
10.1109/infvis.2001.963293,Case study: e-commerce clickstream visualization,5390b48420f70186a0efba9b,clickstream visualization based on usage patterns,73
10.1109/infvis.2001.963284,Collapsible cylindrical trees: a fast hierarchical navigation technique,5390956e20f70186a0ded9a1,a fast focus + context viewing technique for the navigation of classical hierarchical layout,68
10.1109/visual.2001.964517,Distance-field based skeletons for virtual navigation,53e9b500b7602d970403313c,slice-based virtual endoscopy navigation,71
10.1109/visual.2001.964559,The MetVR case study: meteorological visualization in an immersive virtual environment,642e9d9390e50fcafd521127,state of the art of molecular visualization in immersive virtual environments,77
10.1109/infvis.2001.963272,To draw a tree,53e99a2fb7602d970228a68c,draw me a picture,71
10.1109/infvis.2000.885091,"Focus+context display and navigation techniques for enhancing radial, space-filling hierarchy visualizations",558ac11184ae84d265bf7117,combining linking and focusing techniques for a multiple hierarchy visualisation,67
10.1109/visual.2000.885721,Anisotropic geometric diffusion in surface processing,5390b64020f70186a0f19a93,processing textured surfaces via anisotropic geometric diffusion,85
10.1109/visual.2000.885690,A flow-guided streamline seeding strategy,5b8c9eea17c44af36f8b00c4,a stream ribbon seeding strategy.,74
10.1109/visual.2000.885705,Semi-regular mesh extraction from volumes,53e9aed8b7602d97039054b1,on rule extraction from regulations,71
10.1109/visual.2000.885703,Topology preserving and controlled topology simplifying multiresolution isosurface extraction,53e9a2b9b7602d9702bbf1fe,multiresolution extraction and rendering of transparent isosurfaces.,68
10.1109/visual.2000.885739,WEAVE: a system for visually linking 3-D and statistical visualizations applied to cardiac simulation and measurement data,67d7d65d163c01c8508d67c5,impute-vss: a comprehensive web-based visualization and simulation suite for comparative data imputation and statistical evaluation,66
10.1109/infvis.2000.885102,Collaborative geographic visualization: enabling shared understanding of environmental processes,5390979920f70186a0e00581,interactive poster: grid-enabled collaborative scientific visualization environment,70
10.1109/visual.2000.885699,Texturing techniques for terrain visualization,53e9b61bb7602d9704175770,using visualization techniques for snmp traffic analyses,75
10.1109/visual.2000.885677,H-BLOB: a hierarchical visual clustering method using implicit surfaces,539089ab20f70186a0d9601a,a clustering method using hierarchical self-organizing maps,70
10.1109/visual.2000.885714,Topology preserving compression of 2D vector fields,53e9992ab7602d9702163f55,compression of 2d vector fields under guaranteed topology preservation,83
10.1109/infvis.2000.885095,From metaphor to method: cartographic perspectives on information visualization,627cb7555aee126c0fd2cee8,"metaverse:perspectives from graphics,interactions and visualization",73
10.1109/visual.2000.885688,A level-set method for flow visualization,53e9b9e1b7602d97045da020,level set and pde methods for visualization.,86
10.1109/visual.2000.885724,Multi-resolution dynamic meshes with arbitrary deformations,53e9bc21b7602d970488ce62,multiresolution shape deformations for meshes with dynamic vertex connectivity,76
10.1109/visual.2000.885740,Visualizing high-dimensional predictive model quality,53e9a603b7602d9702f34bb3,visualizing predictive models in decision tree generation,73
10.1109/visual.2000.885745,Multi-resolution visualization techniques for nested weather models,569f943b0cf28abcee5757e6,presentation-oriented visualization techniques,71
10.1109/visual.2000.885731,Immersive virtual reality for visualizing flow through an artery,5a4aef4b17c44a2190f768fe,visualizing virtual reality imagery through digital holography,73
10.1109/infvis.2000.885104,Metaphor-aware 3D navigation,53e99a0ab7602d9702259ef6,beyond navigation as metaphor,77
10.1109/visual.2000.885732,Mastering interactive virtual bronchioscopy on a low-end PC,5390b56a20f70186a0f069c0,interactive 3-d virtual colonoscopy system,69
10.1109/visual.2000.885707,Navigating high-dimensional spaces to support design steering,5ce3a7b6ced107d4c654aa08,high-dimensional data monitoring using support machines,67
10.1109/visual.2000.885709,Real-world relativity: image-based special relativistic visualization,53e9ad7cb7602d970376bd48,digital diorama: sensing-based real-world visualization,67
10.1109/visual.2000.885742,Visualizing DIII-D Tokamak magnetic field lines,65452529939a5f4082db835d,visualizing spacecraft magnetic fields on the web and in vr,66
10.1109/visual.2000.885737,Case study: a methodology for plume visualization with application to real-time acquisition and navigation,555042ed45ce0a409eb45313,"a simulation as a service methodology with application for crowd modeling, simulation and visualization",70
10.1109/visual.2000.885734,Interactive visualization of particle-in-cell simulations,56d8e566dabfae2eee2dfe11,motion visualization in large particle simulations.,79
10.1109/visual.2000.885727,A computational steering system for studying microwave interactions with missile bodies,5a260c8117c44a4ba8a30f14,sequence modelling for analysing student interaction with educational systems,67
10.1109/visual.2000.885726,Mastering interactive surface rendering for Java-based diagnostic applications,55a55d0f65ceb7cb02e99fb6,rnafbinv: an interactive java application for fragment-based design of rna sequences,70
10.1109/visual.2000.885693,Basic research for coloring multichannel MRI data,5550487245ce0a409eb6e532,data mining research based on college forum.,70
10.1109/visual.2000.885743,Real-time visualization of the clear-up of a former US naval base,53908a9720f70186a0da6998,realtime database support for environmental visualization,70
10.1109/visual.2000.885735,Visualization of time dependent confocal microscopy data,53e9b3c7b7602d9703eb3cd3,visualization of laser confocal microscopy datasets,80
10.1109/infvis.1999.801860,Cushion treemaps: visualization of hierarchical information,5390879d20f70186a0d442a5,cone trees: animated 3d visualizations of hierarchical information.,83
10.1109/infvis.1999.801854,Does animation help users build mental maps of spatial information?,65d42605939a5f4082e6086b,spatial information annotation based on the double cross model.,67
10.1109/infvis.1999.801853,Sensemaking of evolving Web sites using visualization spreadsheets,53e99df7b7602d97026b8c82,using layout information for spreadsheet visualization,70
10.1109/visual.1999.809904,Anisotropic nonlinear diffusion in flow visualization,539087f820f70186a0d72a6d,transport and anisotropic diffusion in time-dependent flow visualization,77
10.1109/visual.1999.809874,Feature Comparisons Of 3-D Vector Fields Using Earth Mover's Distance,539087eb20f70186a0d6c09e,feature comparisons of vector fields using earth mover's distance,97
10.1109/infvis.1999.801852,Visualizing application behavior on superscalar processors,5736985f6e3b12023e7257e9,onboard processor validation for space applications,70
10.1109/infvis.1999.801865,The automated multidimensional detective,5390a28020f70186a0e62ef5,mdbe: automatic multidimensional modeling,72
10.1109/infvis.1999.801862,Efficient multi-object dynamic query histograms,53e99f94b7602d9702867b6e,an efficient dynamic program slicing technique,69
10.1109/infvis.1999.801863,Aggregate Towers: scale sensitive visualization and decluttering of geospatial data,63b3f1ff90e50fcafdea7873,exploring geospatial data visualization based on python,67
10.1109/infvis.1999.801861,3D interactive visualization for inter-cell dependencies of spreadsheets,5390b3ae20f70186a0ef333b,interactive visualization of dependencies,73
10.1109/visual.1999.809921,VizCraft: a multidimensional visualization tool for aircraft configuration design,5390881220f70186a0d7d76a,vizcraft: a problem-solving environment for aircraft configuration design,72
10.1109/infvis.1999.801864,VisageWeb: visualizing WWW data in Visage,53e9b40eb7602d9703f058cd,visualizing [a new] data service.,69
10.1109/infvis.1999.801858,Navigating hierarchies with structure-based brushes,53908adf20f70186a0dabf12,navigating telephone-based interfaces with earcons,69
10.1109/infvis.1999.801856,Domain analysis: a technique to design a user-centered visualization framework,627e2b7f5aee126c0f8d4af8,a data driven framework to teach visualization design,72
10.1109/infvis.1999.801868,"The sunflower visual metaphor, a new paradigm for dimensional compression",53e9be0fb7602d9704ac91d4,sentient map – a new paradigm for visual computing,68
10.1109/visual.1998.745312,Simplifying surfaces with color and texture using quadric error metrics,539087e120f70186a0d65878,surface simplification using quadric error metrics,74
10.1109/infvis.1998.729559,Similarity clustering of dimensions for an enhanced visualization of multidimensional data,57d06416ac4436735429c351,a multidimensional data visualization and clustering method: consensus similarity mapping,76
10.1109/visual.1998.745314,Fast and memory efficient polygonal simplification,53e9a67cb7602d9702fafdcf,feature-preserving and memory-efficient simplification of polygonal meshes,79
10.1109/visual.1998.745296,A higher-order method for finding vortex core lines,53909f8c20f70186a0e3f847,higher order software a methodology for defining software,70
10.1109/visual.1998.745294,Visualizing diffusion tensor images of the mouse spinal cord,5390956e20f70186a0dedab2,visualizing diffusion tensor mr images using streamtubes and streamsurfaces,68
10.1109/visual.1998.745299,Interactive out-of-core isosurface extraction,5390b48420f70186a0efbdb1,surface interactions for interactive sonification,70
10.1109/visual.1998.745297,Automatic detection of open and closed separation and attachment lines,539089bb20f70186a0d9886f,feature extraction of separation and attachment lines,72
10.1109/visual.1998.745285,A general method for preserving attribute values on simplified meshes,53908d6520f70186a0dd0be0,preserving attribute values on simplified meshes by re-sampling detail textures,72
10.1109/infvis.1998.729563,Geographic visualization: designing manipulable maps for exploring temporally varying georeferenced statistics,5390a8dc20f70186a0e9e6a8,space-variant spatio-temporal filtering of video for gaze visualization and perceptual learning.,62
10.1109/visual.1998.745315,Simplification of tetrahedral meshes,53909a9320f70186a0e21a80,streaming simplification of tetrahedral meshes,88
10.1109/infvis.1998.729570,Multi-faceted insight through interoperable visual information analysis paradigms,652e2b18939a5f4082ee5412,visual analysis of interface deformation in multiphase flow,69
10.1109/infvis.1998.729568,The shape of Shakespeare: visualizing text using implicit surfaces,5ac182a517c44a1fda9186d4,visualizing the provenance of personal data using comics,66
10.1109/visual.1998.745284,Visualization of scalar topology for structural enhancement,573696d46e3b12023e5d3f96,enhancement to mobile products visualization.,70
10.1109/infvis.1998.729553,WEBPATH-a three dimensional Web history,53e9ba69b7602d9704687a07,a three dimensional web quality model,71
10.1109/visual.1998.745305,Efficient warping for architectural walkthroughs using layered depth images,5390af8920f70186a0ecf9be,efficient memory architecture for image processing,67
10.1109/infvis.1998.729555,Reconfigurable disc trees for visualizing large hierarchical information space,53e9bc9eb7602d970491f04d,treecube: 3d visualization tool for hierarchical information.,73
10.1109/visual.1998.745332,Data level comparison of wind tunnel and computational fluid dynamics data,53909ed120f70186a0e2fade,comparisons of wind tunnel experiments and computational fluid dynamics simulations,74
10.1109/visual.1998.745316,Interactive deformations from tensor fields,5390980720f70186a0e041e8,interactive deformation of light fields,80
10.1109/visual.1998.745348,Seabed visualization,5b3d98bd17c44a510f800688,applied visualization,83
10.1109/visual.1998.745326,Constrained optimal framings of curves and surfaces using quaternion Gauss maps,5b1642388fbcbf6e5a9b54a4,safe exploration and optimization of constrained mdps using gaussian processes,71
10.1109/infvis.1998.729562,IVORY-an object-oriented framework for physics-based information visualization in Java,53e9a89bb7602d97031e67e7,a framework for physically-based information visualization,75
10.1109/visual.1998.745350,Three-dimensional visualization of microstructures,53e9b3ceb7602d9703ebbd75,visualization of real three-dimensional objects.,80
10.1109/infvis.1998.729564,Saying it in graphics: from intentions to visualizations,55503f5a45ce0a409eb2d9cf,navigation and interaction in graph visualizations.,74
10.1109/infvis.1998.729554,Traversal-based visualization of data structures,63b3f1fe90e50fcafdea5c12,chord-based visualization of temporal structure of symphony.,77
10.1109/visual.1998.745338,Volumetric modeling of acoustic fields in CNMAT's sound spatialization theatre,5f0ea3d09fced0a24b77bc12,optimization of parameter-tying for chinese acoustic modeling,66
10.1109/visual.1998.745328,Interpolation of triangle hierarchies,5390b00c20f70186a0ed61d3,hierarchical line integration.,73
10.1109/visual.1998.745318,Wavelets over curvilinear grids,53909ee020f70186a0e33f9b,wavelets in polar coordinates.,63
10.1109/visual.1998.745336,A case study using the virtual environment for reconstructive surgery,5736961c6e3b12023e52ded3,a tablet-based virtual environment for neurosurgery training,73
10.1109/visual.1998.745320,Image-based rendering with occlusions via cubist images,5b8c9f1617c44af36f8b3545,occlusion culling for image-based rendering withwarping,75
10.1109/visual.1998.745313,A unified approach for simplifying polygonal and spline models,5390880720f70186a0d79cbe,orthogonal sampling formulas: a unified approach,73
10.1109/visual.1998.745341,Rear-projecting virtual data onto physical terrain: an exercise in two senses being better than one,67635acbae8580e7ffdc4ef8,research on immersive experience system of virtual reality technology in college physical education teaching,63
10.1109/visual.1997.663888,Application-controlled demand paging for out-of-core visualization,5390a7f520f70186a0e942f0,dynamic chunking for out-of-core volume visualization applications,71
10.1109/infvis.1997.636792,The structure of the information visualization design space,5390b68720f70186a0f1d27f,on the role of design in information visualization,79
10.1109/infvis.1997.636793,Multidimensional detective,53e99842b7602d970206ddf3,multidimensional dot-matrices.,80
10.1109/visual.1997.663902,Optimized geometry compression for real-time rendering,5390980720f70186a0e0350f,optimized prediction for geometry compression of triangle meshes,75
10.1109/visual.1997.663912,Strategies for effectively visualizing 3D flow with volume LIC,5390958a20f70186a0def764,flow volumes for interactive vector field visualization,67
10.1109/visual.1997.663908,Simplifying polygonal models using successive mappings,53e99967b7602d97021a6256,modelling tree structures using a single polygonal mesh.,66
10.1109/visual.1997.663904,Repairing CAD models,55323ad345cec66b6f9d8e08,self-repairing codes,75
10.1109/visual.1997.663848,A comparison of normal estimation schemes,558a7862e4b037c087575625,a comparison of two parameter estimation schemes,79
10.1109/visual.1997.663890,Collaborative visualization,651ccb383fda6d7f066353a9,snb collaborative visualization,93
10.1109/visual.1997.663906,Smooth hierarchical surface triangulations,539087dd20f70186a0d62ae2,irreducible triangulations of surfaces.,78
10.1109/visual.1997.663887,Computing the separating surface for segmented data,53908b2120f70186a0db7e04,computing largest circles separating two sets of segments.,70
10.1109/visual.1997.663930,Isosurface extraction using particle systems,53909fca20f70186a0e45243,real-time particle isosurface extraction,81
10.1109/visual.1997.663898,UFLIC: a line integral convolution algorithm for visualizing unsteady flows,539089bb20f70186a0d98852,a new line integral convolution algorithm for visualizing time-varying flow fields,82
10.1109/visual.1997.663910,Vortex identification-applications in aerodynamics: a case study,5fe1f1057767f8fc9d729f0d,a survey on text classification and its applications,71
10.1109/visual.1997.663882,An anti-aliasing technique for splatting,599c7865601a182cd25c2ad8,an accelerating technique for sat-based atpg.,71
10.1109/infvis.1997.636789,Domesticating Bead: adapting an information visualization system to a financial institution,539098b820f70186a0e0ad34,information visualization for an intrusion detection system,71
10.1109/infvis.1997.636761,A spreadsheet approach to information visualization,53e9abebb7602d97035a8dfd,a semantic-centric approach to information visualization,82
10.1109/visual.1997.663923,Pearls found on the way to the ideal interface for scanned probe microscopes,5f4d8dbd9fced0a24b143334,interface of mixed reality: from the past to the future,63
10.1109/visual.1997.663899,The motion map: efficient computation of steady flow animations,5390aa7620f70186a0eac4b2,i/o-efficient computation of water flow across a terrain,75
10.1109/infvis.1997.636784,On integrating visualization techniques for effective software exploration,66207ea013fb2c6cf6b8a64a,interaction techniques for exploratory data visualization on mobile devices,75
10.1109/visual.1997.663878,Two-phase perspective ray casting for interactive volume navigation,53e9b648b7602d97041a7f1f,raster-spatial data declustering revisited: an interactive navigation perspective,68
10.1109/visual.1997.663885,Efficient subdivision of finite-element datasets into consistent tetrahedra,539089bb20f70186a0d97a90,consistent subdivision of convex polyhedra into tetrahedra,68
10.1109/visual.1997.663901,Multiresolution compression and reconstruction,5a9cb65d17c44a376ffb84a7,compression for multiple reconstructions,77
10.1109/visual.1997.663874,Dynamic color mapping of bivariate qualitative data,53e9ad42b7602d9703723629,qualitative dynamic diagnosis of circuits.,65
10.1109/visual.1997.663863,Visualization of large terrains in resource-limited computing environments,53e9a4fab7602d9702e177c9,large-scale terrain visualization system in a cluster environment,75
10.1109/visual.1997.663913,Towards efficient visualization support for single-block and multi-block datasets,62f124c9b049ab000c634868,an efficient block validation mechanism for utxo-based blockchains,67
10.1109/visual.1997.663905,Dynamic smooth subdivision surfaces for data visualization,539087e720f70186a0d680d5,efficient calculation of subdivision surfaces for visualization,76
10.1109/infvis.1997.636790,Design and evaluation of incremental data structures and algorithms for dynamic query interfaces,557218db2401494553605aa2,design and evaluation of learning algorithms for dynamic resource management in virtual networks,71
10.1109/infvis.1997.636785,Cacti: a front end for program visualization,539099b320f70186a0e19da6,affective effects of program visualization,73
10.1109/infvis.1997.636782,Managing software with new visual representations,55465e4c0cf2939c2feea7be,sar imaging with structural sparse representation.,76
10.1109/infvis.1997.636778,Adaptive information visualization based on the user's multiple viewpoints - interactive 3D visualization of the WWW,5c7574f3f56def979899ff17,does visualization matter? the role of interactive data visualization to make sense of information.,71
10.1109/visual.1997.663934,Perceptual Measures For Effective Visualizations,5390a28020f70186a0e62bcb,effective visualization of short routes,74
10.1109/visual.1997.663933,Information Exploration Shootout Project And Benchmark Data Sets: Evaluating How Visualization Does In Analyzing Real-World Data Analysis Problems,5d4e9b5d10066d67516a1063,analytic provenance in practice: the role of provenance in real-world visualization and data analysis environments.,64
10.1109/visual.1997.663927,Interactive visualization of aircraft and power generation engines,573698026e3b12023e6db815,procedural generation and interactive web visualization of natural environments,76
10.1109/visual.1997.663894,Extracting feature lines from 3D unstructured grids,558c80a5e4b02b9f07a77d2c,terms extraction from unstructured data silos,73
10.1109/visual.1997.663872,Wavelet-based multiresolutional representation of computational field simulation datasets,53e9bc1bb7602d97048834fc,wavelet-based multiresolution representation and editing of closed b-spline curves,71
10.1109/visual.1996.568121,Isosurfacing in span space with utmost efficiency (ISSUE),6646ca7701d2a3fbfc1f6398,enhancing efficiency in sparse models with sparser selection,64
10.1109/infvis.1996.559214,Techniques for non-linear magnification transformations,5390b5df20f70186a0f0b526,formal integration - a program transformation technique,74
10.1109/infvis.1996.559213,On the semantics of interactive visualizations,5e1d91643a55ac9217cfb0d3,modelling the semantics for model-driven interactive visualizations.,80
10.1109/infvis.1996.559210,Visage: a user interface environment for exploring information,53e9b4a0b7602d9703fa921f,an interactive visual query environment for exploring data,76
10.1109/visual.1996.568116,UFLOW: visualizing uncertainty in fluid flow,5736982f6e3b12023e70038a,visualization of uncertainty in tag clouds.,75
10.1109/infvis.1996.559216,"Selection: 524,288 ways to say ""this is interesting""",5ff81842d4150a363c06fd2d,introduction to wits 2018 special issue in tmis,62
10.1109/infvis.1996.559223,Animating multidimensional scaling to visualize N-dimensional data sets,539087eb20f70186a0d6c09f,building perceptual textures to visualize multidimensional datasets,71
10.1109/visual.1996.568138,Wavelets applied to lossless compression and progressive transmission of floating point data in 3-D curvilinear grids,65bd20fd939a5f4082596e59,enhancing data transmission and storage efficiency in power grids through compression of point-on-wave data,66
10.1109/infvis.1996.559222,FINESSE: a financial information spreadsheet,53e9af47b7602d9703988433,information and data quality in spreadsheets,71
10.1109/visual.1996.568136,Case study: Visualization of laser confocal microscopy datasets,53e9b3c7b7602d9703eb3cd3,visualization of laser confocal microscopy datasets,90
10.1109/visual.1996.567609,Deformable volume rendering by 3D texture mapping and octree encoding,5390972920f70186a0dfb293,maintaining constant frame rates in 3d texture-based volume rendering,70
10.1109/visual.1996.567603,Fast stereo volume rendering,53e99822b7602d9702045107,stereoscopic volume rendering.,81
10.1109/infvis.1996.559228,DEPICT: Documents Evaluated as Pictures. Visualizing information using context vectors and self-organizing maps,5390994d20f70186a0e12cf8,a context vector-based self organizing map for information visualization,71
10.1109/infvis.1996.559219,Visualizing the results of multimedia Web search engines,53909f2c20f70186a0e37896,visual mashup of text and media search results,73
10.1109/infvis.1996.559211,Data characterization for automatically visualizing heterogeneous information,5550472a45ce0a409eb65056,visualizing information for electromyographic characterization,68
10.1109/visual.1996.568104,Perceptualisation using a tactile mouse,558b656e84ae84d265c32475,a perceptual-statistics shading model,71
10.1109/infvis.1996.559227,Visualizing usability log data,59a02e4db161e8ad1a7b6dde,visualizing usability testing video data.,80
10.1109/infvis.1996.559218,Towards rich information landscapes for visualising structured Web spaces,5390b2d720f70186a0eec511,using the web information structure for retrieving web pages,68
10.1109/infvis.1996.559215,Distortion viewing techniques for 3-dimensional data,5390958a20f70186a0def691,techniques for visualizing 3-dimensional manifolds.,71
10.1109/infvis.1996.559212,Rapid prototyping of information visualizations using VANISH,558ae673e4b031bae1fa59db,rapid prototyping of visualizations using mondrian,84
10.1109/visual.1996.568134,Clinical evaluation of interactive volume visualization,5390b8d720f70186a0f2b52c,volume visualization in the clinical practice,80
10.1109/infvis.1996.559224,Dual multiresolution HyperSlice for multivariate data visualization,53e99f35b7602d9702805541,multiresolution data handling for visualization of very large data sets.,72
10.1109/visual.1996.568140,Data level comparative visualization in aircraft design,53e9ac8fb7602d9703666e89,cooperative visualization: a design case,72
10.1109/visual.1996.568165,Mathematical Visualization: Standing at the Crossroads,573696a26e3b12023e5a9c94,mathematical reasoning at the crossroads,77
10.1109/visual.1996.568160,Real-time Accelerators for Volume Rendering,53908ac620f70186a0dab977,design of a parallel accelerator for volume rendering,77
10.1109/infvis.1996.559229,Visualizing a tennis match,654a0cbb939a5f40824f159b,visualizing tennis matches as nested stories,74
10.1109/visual.1995.480795,Enhancing transparent skin surfaces with ridge and valley lines,53e9be44b7602d9704b03c7c,transparent services selecting and loading with wearable devices.,66
10.1109/visual.1995.485141,Iconic techniques for feature visualization,5eb3df2891e011cea6a7c01d,visualization techniques for outlier data.,81
10.1109/infvis.1995.528688,IVEE: an Information Visualization and Exploration Environment,53e9a04ab7602d9702932bee,an interactive visualization environment for data exploration.,84
10.1109/visual.1995.480805,Fast multiresolution surface meshing,5390b7fe20f70186a0f27573,multiresolution reflectance filtering.,77
10.1109/infvis.1995.528691,Case study. Narcissus: visualising information,53e9b281b7602d9703d2434a,mining and visualising information from rss feeds: a case study,74
10.1109/visual.1995.480809,Compression domain rendering of time-resolved volume data,53e9b61bb7602d9704172811,sequential data compression of very large data in volume rendering.,76
10.1109/infvis.1995.528689,Research report. Interacting with huge hierarchies: beyond cone trees,558b723d612c03a413255448,visualizing and interacting with concept hierarchies.,66
10.1109/visual.1995.480807,Interval volume: a solid fitting technique for volumetric data display and analysis,5390bb1d20f70186a0f3dc02,poster: volume cracker: a bimanual 3d interaction technique for analysis of raw volumetric data,69
10.1109/visual.1995.480798,IFS fractal interpolation for 2D and 3D visualization,558ba7d0e4b0cfb70a191877,advanced interaction for information visualization,76
10.1109/infvis.1995.528697,Case study: 3D displays of Internet traffic,558ae49784ae84d265c042c8,study of bursty internet traffic,76
10.1109/visual.1995.485157,"Case study: an integrated approach for steering, visualization, and analysis of atmospheric simulations",53e9a0fbb7602d97029e72f4,an approach to visualization and clustering-based analysis on spatiotemporal data,72
10.1109/visual.1995.480789,Interval set: a volume rendering technique generalizing isosurface extraction,5390b86b20f70186a0f28156,isbvr: isosurface-aided hardware acceleration techniques for slice-based volume rendering,70
10.1109/infvis.1995.528690,Research report. DataSpace: 3-D visualizations of large databases,5390afc920f70186a0ed2582,outlier detection and visualization of large datasets,71
10.1109/infvis.1995.528696,Case study: visualizing Internet resources,53909a0220f70186a0e1f082,visualizing internet routing changes,75
10.1109/visual.1995.480794,Visualization of biological sequence similarity search results,53e9a690b7602d9702fc32c2,novel visualization method for biological sequence similarity reports,79
10.1109/infvis.1995.528684,SDM: malleable information graphics,53e997b6b7602d9701f9d0fd,informational graphs,74
10.1109/infvis.1995.528681,Towards a generative theory of diagram design,66d7c2a301d2a3fbfc860dc6,towards a generative ai design dialogue,76
10.1109/infvis.1995.528693,Case study: fishing for information on the Internet,5390b68720f70186a0f1b8ff,a method for collecting case study information via the internet,80
10.1109/visual.1995.485155,Astronomers and their shady algorithms,5390aa0f20f70186a0ea8941,cover algorithms and their combination,74
10.1109/visual.1995.485148,Qualitative analysis of invariant tori in a dynamical system,5bbacb1017c44aecc4eaa017,qualitative analysis of a dynamical system with irrational first integrals.,79
10.1109/visual.1995.480797,On enhancing the speed of splatting with indexing,53e99893b7602d97020cc308,on scheduling with the non-idling constraint,69
10.1109/visual.1995.480791,Interactive realism for visualization using ray tracing,539089bb20f70186a0d98877,interactive ray tracing for volume visualization,80
10.1109/visual.1995.485156,Flow visualization in a hypersonic fin/ramp flow,53e99bb1b7602d970245a2b3,"unsteady phenomena, hypersonic flows and co-operative flow visualization",71
10.1109/infvis.1995.528683,Research report: improving browsing in information by the automatic display layout,53e9a3c1b7602d9702cd26a9,research report: information animation applications in the capital markets.,68
10.1109/visual.1995.480816,A model and a system for data-parallel program visualization,539087ae20f70186a0d4d002,a visualization system for parallelizing programs,79
10.1109/visual.1994.346313,Visualizing flow over curvilinear grid surfaces using line integral convolution,5390b5c620f70186a0f08b21,dynamic line integral convolution for visualizing streamline evolution,71
10.1109/visual.1994.346333,Wavelet-based volume morphing,65604d2a939a5f408262b159,wavelet based texture resampling.,72
10.1109/visual.1994.346320,Fast surface rendering from raster data by voxel traversal using chessboard distance,539087e720f70186a0d69567,fast ray-tracing of rectilinear volume data using distance transforms,64
10.1109/visual.1994.346329,Feature detection from vector quantities in a numerically simulated hypersonic flow field in combination with experimental flow visualization,5390a17720f70186a0e524e4,numerical flow visualization of a single expansion ramp nozzle with hypersonic external flow,64
10.1109/visual.1994.346307,Approximation of isosurface in the Marching Cube: ambiguity problem,66e0233b01d2a3fbfc2a2f7b,3/2-approximation for the matching augmentation problem.,69
10.1109/visual.1994.346332,Progressive transmission of scientific data using biorthogonal wavelet transform,53908bde20f70186a0dc8967,progressive transmission of images using block wavelet transform,78
10.1109/visual.1994.346334,Isosurface generation by using extrema graphs,53e9b581b7602d97040bf06b,test generation using event sequence graphs.,70
10.1109/visual.1994.346317,Restorer: a visualization technique for handling missing data,56d8e689dabfae2eee34c510,on visualization techniques for solar data mining,79
10.1109/visual.1994.346324,Virtual reality performance for virtual geometry,5d2c4eba3a55acc2f47b400e,revisiting visual odometry for real-time performance,74
10.1109/visual.1994.346325,GASP-a system for visualizing geometric algorithms,558a2b4ae4b031bae1f61233,gem: a geometric algorithm for scheduling,78
10.1109/visual.1994.346310,The design and implementation of the Cortex visualization system,53908a9620f70186a0da5456,the design and implementation of a virtual conference system.,81
10.1109/visual.1994.346306,Nonpolygonal isosurface rendering for large volume datasets,539099b320f70186a0e1af62,interactive pc texture-based volume rendering for large datasets,70
10.1109/visual.1994.346288,Visualization in medicine: VIRTUAL reality or ACTUAL reality ?,53e9b35ab7602d9703e390fd,virtual reality: visualization for athletic competition.,76
10.1109/visual.1993.398875,Implicit stream surfaces,53e997fcb7602d97020044b7,implicit integral surfaces.,84
10.1109/visual.1993.398874,An architecture for rule-based visualization,53e9ab1ab7602d97034a3a16,an agent-based visualisation architecture.,80
10.1109/visual.1993.398851,Optimal filter design for volume reconstruction and visualization,5390b4da20f70186a0f015bd,filter design for mimo sampling and reconstruction,78
10.1109/visual.1993.398895,"Towards interactive steering, visualization and animation of unsteady finite element simulations",5390881820f70186a0d81643,interactive visualization and steering of cfd simulations,72
10.1109/visual.1993.398904,The virtual restoration of the Visir tomb,56d90756dabfae2eeeff0b0e,the virtual representation of the past.,71
10.1109/visual.1993.398866,Performance visualization of parallel programs,539087cb20f70186a0d592a1,visualizing the performance of parallel programs.,91
10.1109/visual.1992.235228,Interactive splatting of nonrectilinear volumes,53908bcc20f70186a0dc6cce,splatting of curvilinear volumes.,76
10.1109/visual.1992.235207,The state of the art of visual languages for visualization,5ff68d71d4150a363cd56da6,the state of the art of spatial interfaces for 3d visualization,76
10.1109/visual.1992.235201,"Color, change, and control of quantitative data display",557e122a6fee0fe990ca6c2a,computer-aided color coding for data display,66
10.1109/visual.1992.235205,VISAGE: an object-oriented scientific visualization system,5390962020f70186a0df3df2,object-oriented scientific visualization,82
10.1109/visual.1992.235191,Optimizing triangulations by curvature equalization,539096cb20f70186a0df8551,machine translation by case generalization,69
10.1109/visual.1992.235182,"Object-oriented, dataflow visualization system-a paradigm shift?",56d84d63dabfae2eeee822f6,object-oriented semantic data flow system for scientific visualization.,76
10.1109/visual.1992.235187,Techniques for managing very large scientific databases,539087f820f70186a0d72a95,melodic matching techniques for large music databases.,76
10.1109/visual.1992.235186,Grand challenge problems in visualization software,53e9ac5bb7602d970362d540,challenge problems in software testing.,80
10.1109/visual.1992.235185,Improving visualization: theoretical and empirical foundations,627cdd9a5aee126c0f537cf6,theoretical sampling and qualitative empirical model validation,76
10.1109/visual.1992.235208,Visual query specification in a multimedia database system,558a8071e4b0b32fcb372fd1,specification of a query language for multimedia database systems,83
10.1109/visual.1992.235184,Real virtual environment applications-now,53e9b403b7602d9703ef27f1,virtual environments for industrial applications,85
10.1109/visual.1992.235183,"Visualization in the neurosciences: utility in research, teaching, and clinical practice",558bda4e84ae6766fdef9bc4,"integrating research, clinical practice and translation: the singapore experience",70
10.1109/visual.1991.175773,A tool for visualizing the topology of three-dimensional vector fields,53e9bd92b7602d9704a3eb9e,topology tracking for the visualization of time-dependent two-dimensional flows.,72
10.1109/visual.1991.175789,The stream polygon: A technique for 3D vector field visualization,5390b3ae20f70186a0ef4ad7,a vector field visualization technique for self-organizing maps,79
10.1109/visual.1991.175818,A data model for scientific visualization with provisions for regular and irregular grids,5390b61e20f70186a0f14b84,research issues in data modeling for scientific visualization,68
10.1109/visual.1991.175795,Color icons: merging color and texture perception for integrated visualization of multiple parameters,573697de6e3b12023e6bbeab,integrated multiresolution geometry and texture models for terrain visualization,67
10.1109/visual.1991.175790,The hyperbox,53e997bdb7602d9701fab2f4,the chatterbox,77
10.1109/visual.1991.175792,Shadowed hedgehogs: a technique for visualizing 2D slices of 3D vector fields,599c7b20601a182cd270c216,image synthesis methods for texture-based visualization of vector fields.,69
10.1109/visual.1991.175837,Visualization in computational fluid dynamics: a case study,5390879520f70186a0d3f586,flow visualization in computational fluid dynamics,83
10.1109/visual.1991.175796,Visualization and analysis of multi-variate data: a technique for all fields,5b67b49517c44aac1c864cfc,"data reduction techniques for simulation, visualization and data analysis.",73
10.1109/visual.1991.175807,NetV: an experimental network-based volume visualization system,56d844afdabfae2eeea49f7e,remote visualization system based on particle based volume rendering.,72
10.1109/visual.1991.175778,Achieving direct volume visualization with interactive semantic region selection,53e99e1ab7602d97026dc1cb,fast interactive region of interest selection for volume visualization,71
10.1109/visual.1991.175801,In vivo blood flow visualization with magnetic resonance imaging,53e9a145b7602d9702a375ad,blood-flow magnetic resonance imaging of the retina.,77
10.1109/visual.1991.175814,Image handling in a multi-vendor environment,5390b61e20f70186a0f13952,managing networks in a multi-vendor environment,77
10.1109/visual.1991.175827,Multimedia environments for scientists,5390979920f70186a0dff13d,requirements for a multimedia museum environment,77
10.1109/visual.1991.175823,Applying 3D visualization techniques to finite element analysis,5390a88c20f70186a0e99397,post-processing and visualization techniques in 2d boundary element analysis,73
10.1109/visual.1991.175800,Topographical mapping of brain electrical activity,557cf965f667eeed561959ff,the study of human brain electrical activity-a topographic mapping approach,77
10.1109/visual.1991.175824,Color vs. black-and-white in visualization,5390a80f20f70186a0e96fba,colorization of black-and-white cartoons,74
10.1109/visual.1991.175797,The visual comparison of three sequences,53e999fab7602d9702243168,comparison of trna sequences.,79
10.1109/visual.1991.175836,Experiments with interdisciplinary projects and scientific visualization applications at the undergraduate level,5390b5df20f70186a0f0a65a,scientific visualization and the rivers project at the national center for supercomputing applications.,66
10.1109/visual.1991.175825,Remote visualization: challenges and opportunities,58d83020d649053542fe3568,virtualization techniques: challenges and opportunities.,85
10.1109/visual.1991.175799,Enhanced visualization of multi-dimensional structures. Applications in positron emission tomography and climate data,5390958a20f70186a0def679,visualization and three-dimensional image processing of positron emission tomography (pet) brain images,71
10.1109/visual.1991.175781,Visualization of equations in an interactive environment,53e9a04ab7602d9702932bee,an interactive visualization environment for data exploration.,82
10.1109/visual.1991.175831,Visualizing chemical kinetics in fractal domains,5390958920f70186a0dee14a,visualizing categorical data in vista,68
10.1109/visual.1991.175828,Volume visualization comes of age: the state of the art in technology and application,599c7b9a601a182cd274d3c8,the application of the 2d structure tensor in visual arts and design,71
10.1109/visual.1991.175826,How visualization applications drive tool selection: one product can't do it all,53e9b828b7602d97043e2575,application of a tool for ontology visualization.,68
10.1109/visual.1991.175816,How shall we connect our software tools?,6577caac939a5f408235ca5b,can llms configure software tools,67
10.1109/visual.1991.175767,Scientific visualization from inside the metacomputer,5390881d20f70186a0d821b7,computer games and scientific visualization,75
10.1109/visual.1990.146385,A journey into the fourth dimension,53e9b55eb7602d970409a5bf,testing in the fourth dimension.,76
10.1109/visual.1990.146392,Visualization of scalar data defined on a structured grid-applications to petroleum research,53e9b381b7602d9703e63012,personal visualization system: applications in research and engineering.,70
10.1109/tvcg.2025.3633888,NLI4VolVis: Natural Language Interaction for Volume Visualization via LLM Multi-Agents and Editable 3D Gaussian Splatting,573695e36e3b12023e4f91fe,cuda-based real-time hand gesture interaction and visualization for ct volume dataset using leap motion.,65
10.1109/tvcg.2025.3633866,Beyond Problem Solving: Framing and Problem-Solution Co-Evolution in Data Visualization Design,58437752ac44360f1083a9d4,using concrete and realistic data in evaluating initial visualization designs,69
10.1109/tvcg.2025.3634813,Charts-of-Thought: Enhancing LLM Visualization Literacy Through Structured Data Extraction,627cdc0b5aee126c0f4e71c4,interactive visualization literacy: the state-of-the-art,68
10.1109/tvcg.2025.3634635,DataWink: Reusing and Adapting SVG-Based Visualization Examples with Large Multimodal Models,53e9af87b7602d97039d0819,model-based dynamic and adaptive visualization for multi-domain search results,70
10.1109/tvcg.2025.3634630,Graphical Perception of Icon Arrays versus Bar Charts for Value Comparisons in Health Risk Communication,5c766165e1cd8e5b5479e8d8,a comparison of reception methods for visible light communication using high-speed stereo cameras,64
10.1109/tvcg.2025.3634646,Understanding Large Language Model Behaviors Through Interactive Counterfactual Generation and Analysis,573697756e3b12023e65d1f3,interactive crowd content generation and analysis using trajectory-level behavior learning.,74
10.1109/tvcg.2025.3633887,HypoChainer: A Collaborative System Combining LLMs and Knowledge Graphs for Hypothesis-Driven Scientific Discovery,5a260c3517c44a4ba8a24eb1,a holistic domain knowledge discovery and recommendation system for collaborative wikis.,66
10.1109/tvcg.2025.3633884,"MisVisFix: An Interactive Dashboard for Detecting, Explaining, and Correcting Misleading Visualizations using Large Language Models",63b24b1f90e50fcafdd36fab,using large language models to generate engaging captions for data visualizations,67
10.1109/tvcg.2025.3642628,ProactiveVA: Proactive Visual Analytics with LLM-Based UI Agent,63b4719d90e50fcafdfd6e95,"proactive-reactive global scaling, with analytics",73
10.1109/tvcg.2025.3642516,VolSegGS: Segmentation and Tracking in Dynamic Volumetric Scenes via Deformable 3D Gaussians,53e9bc73b7602d97048f1d8e,real-time dynamic deformable meshes for volumetric segmentation and visualisation.,70
10.1109/tvcg.2025.3634782,Visualization Badges: Communicating Design and Provenance through Graphical Labels Alongside Visualizations,53908a4020f70186a0d9d7a2,performance visualization: a new challenge to music through visualization.,65
10.1109/tvcg.2025.3634647,StreetWeave: A Declarative Grammar for Street-Overlaid Visualization of Multivariate Data,56d859dcdabfae2eee45f644,a phrase-driven grammar system for interactive data visualization,69
10.1109/tvcg.2025.3633875,Sel3DCraft: Interactive Visual Prompts for User-Friendly Text-to-3D Generation,53e9bd82b7602d9704a2806d,a video object generation tool allowing friendly user interaction.,68
10.1109/tvcg.2025.3634837,Visual Extraction of Interaction Patterns Guided by Hierarchical Clustering and Process Mining,5a9cb65217c44a376ffb79a0,process mining and hierarchical clustering to help intrusion alert visualization.,68
10.1109/tvcg.2025.3634814,Visualization Vibes: The Socio-Indexical Function of Visualization Design,5d4800593a55ac01b0f8feb7,vis4vis: visualization for (empirical) visualization research,68
10.1109/tvcg.2025.3634820,"Qualitative Study for LLM-assisted Design Study Process: Strategies, Challenges, and Roles",5b3d985e17c44a510f7f98e2,design challenges for reconnecting in later life: a qualitative study.,66
10.1109/tvcg.2025.3634651,Natural Language-Driven Viewpoint Navigation for Volume Exploration via Semantic Block Representation,67b6b7b4163c01c8502855cf,mapnav: a novel memory representation via annotated semantic maps for vlm-based vision-and-language navigation.,68
10.1109/tvcg.2025.3634645,DeepVIS: Bridging Natural Language and Data Visualization Through Step-Wise Reasoning,66be52da01d2a3fbfc30147c,"data extraction, visualization, and prediction through natural language processing",71
10.1109/tvcg.2025.3634254,From Vision to Touch: Bridging Visual and Tactile Principles for Accessible Data Representation,66fb32a301d2a3fbfcfabca9,learning to regrasp using visual-tactile representation-based reinforcement learning,65
10.1109/tvcg.2025.3633893,MoE-INR: Implicit Neural Representation with Mixture-of-Experts for Time-Varying Volumetric Data Compression,655ebf1a939a5f4082bbb44b,ecnr: efficient compressive neural representation of time-varying volumetric datasets,77
10.1109/tvcg.2025.3634250,GoFish: A Grammar of More Graphics!,64c78b993fda6d7f06db5436,bluefish: a relational grammar of graphics.,76
10.1109/tvcg.2025.3634655,"VizGenie: Toward Self-Refining, Domain-Aware Workflows for Next-Generation Scientific Visualization",5390b2fc20f70186a0eee8bb,towards automatic generation of semantic types in scientific workflows,65
10.1109/tvcg.2025.3634232,A Multimodal Framework for Understanding Collaborative Design Processes,573697e66e3b12023e6c362d,driver - a platform for collaborative framework understanding.,78
10.1109/tvcg.2025.3634816,SceneLoom: Communicating Data with Scene Context,599c7a49601a182cd26a5094,communication with contextual uncertainty.,70
10.1109/tvcg.2025.3634785,Visualizing Trust: How Chart Embellishments Influence Perceptions of Credibility,53e9bbf0b7602d97048485f6,how walking influences the development of absolute distance perception.,66
10.1109/tvcg.2025.3634821,Here's what you need to know about my data: Exploring Expert Knowledge's Role in Data Analysis,5c04966a17c44a2c747084e0,everything you always wanted to know about a dataset: studies in data summarisation.,62
10.1109/tvcg.2025.3634787,CD-TVD: Contrastive Diffusion for 3D Super-Resolution with Scarce High-Resolution Time-Varying Data,5390893e20f70186a0d9375c,high resolution schemes for conservation laws with locally varying time steps,67
10.1109/tvcg.2025.3633894,"GhostUMAP2: Measuring and Analyzing $(r,d)$-Stability of UMAP",53909eef20f70186a0e3507f,measuring and analyzing parallel computing scalability,69
10.1109/tvcg.2025.3634255,Stitching Meaning: Practices of Data Textile Creators,53e99ea7b7602d970276f266,use of case studies in teaching data processing.,65
10.1109/tvcg.2025.3634643,TexGS-VolVis: Expressive Scene Editing for Volume Visualization via Textured Gaussian Splatting,539089ab20f70186a0d96b34,volume clipping via per-fragment operations in texture-based volume visualization,66
10.1109/tvcg.2025.3633874,Using Tactile Charts to Support Comprehension and Learning of Complex Visualizations for Blind and Low-Vision Individuals,53e9b2efb7602d9703daafa0,crista: a tool to support code comprehension based on visualization and reading technique.,66
10.1109/tvcg.2025.3634795,Beyond Log Scales: Toward Cognitively Informed Bar Charts for Orders of Magnitude Values,5390b86b20f70186a0f28879,toward scale-free like behavior under increasing cognitive load,61
10.1109/tvcg.2025.3634794,SEAL: Spatially-resolved Embedding Analysis with Linked Imaging Data,53e998fdb7602d970213baaf,spatial data integration and analysis with spatial intelligence,66
10.1109/tvcg.2025.3634249,EncQA: Benchmarking Vision-Language Models on Visual Encodings for Charts,682e6f3a163c01c850157922,chipvqa: benchmarking visual language models for chip design,73
10.1109/tvcg.2025.3633827,What Makes a Visualization Image Complex?,53e9ab3db7602d97034c9d87,on visualization of complex image-based markup,77
10.1109/tvcg.2025.3634798,Embodied Natural Language Interaction (NLI): Speech Input Patterns in Immersive Analytics,53e9a91ab7602d970326df42,embedded conversational engine for natural language interaction in spanish,68
10.1109/tvcg.2025.3634243,What is the Color of Serendipity? Investigating the Use of Language Models for Semantically Resonant Color Generation,5550493245ce0a409eb75100,investigating the use of echo state networks for prediction of wind power generation.,64
10.1109/tvcg.2025.3633896,ReVISit 2: A Full Experiment Life Cycle User Study Framework,5bdc317017c44a1f58a07802,a test of search-experience-credence framework through online review.,65
10.1109/tvcg.2025.3634245,"Your Model Is Unfair, Are You Even Aware? Inverse Relationship Between Comprehension and Trust in Explainability Visualizations of Biased ML Models",63d9a3e890e50fcafddf558f,enhancing visualization and explainability of computer vision models with local interpretable model-agnostic explanations (lime),60
10.1109/tvcg.2025.3633830,Evaluating Judgment of Spatial Correlation in Visual Displays of Scalar Field Distributions,53e99fd6b7602d97028b1b0c,evaluation of message delay correlation in distributed systems,65
10.1109/tvcg.2025.3634791,"Probing the Visualization Literacy of Vision Language Models: The Good, the Bad, and the Ugly",67283a7b01d2a3fbfc054d42,understanding the limits of vision language models through the lens of the binding problem,66
10.1109/tvcg.2025.3633869,Can LLMs Bridge Domain and Visualization? A Case Study on High-Dimension Data Visualization in Single-Cell Transcriptomics,61ef99065244ab9dcba5a398,comprehensive visualization of cell-cell interactions in single-cell and spatial transcriptomics with niches,64
10.1109/tvcg.2025.3634776,Unveiling the Visual Rhetoric of Persuasive Cartography: A Case Study of the Design of Octopus Maps,56d859bbdabfae2eee450e57,viewing art through information visualization: a case study of bob ross's the joy of painting.,62
10.1109/tvcg.2025.3634650,Automatic Semantic Alignment of Flow Pattern Representations for Exploration with Large Language Models,6634457601d2a3fbfc2d375a,analyzing the role of semantic representations in the era of large language models,69
10.1109/tvcg.2025.3634632,An Analysis of Text Functions in Information Visualization,53e9ab20b7602d97034a8dce,an analysis of information visualisation.,80
10.1109/tvcg.2025.3634818,VisGuard: Securing Visualization Dissemination through Tamper-Resistant Data Retrieval,648fcaecd68f896efa1079b1,supporting data visualization literacy through embodied interactions.,65
10.1109/tvcg.2025.3634631,Running with Data: A Survey of the Current Research and a Design Exploration of Future Immersive Visualisations,6642cd9401d2a3fbfc2c2b78,current state of the art and future directions: augmented reality data visualization to support decision-making,65
10.1109/tvcg.2025.3633872,"Write, Rank, or Rate: Comparing Methods for Studying Visualization Affordances",654a0cbe939a5f40824f17a9,using visualization methods for improving web navigation,67
10.1109/tvcg.2025.3634819,Quantifying Visualization Vibes: Measuring Socio-Indexicality at Scale,53e9af33b7602d970396cea8,stroscope: multi-scale visualization of irregularly measured time-series data,66
10.1109/tvcg.2025.3642506,Exploring 3D Unsteady Flow using 6D Observer Space Interactions,5390b7ff20f70186a0f27721,interactive visual exploration of unsteady 3d flows,70
10.1109/tvcg.2025.3633904,EventBox: A Novel Visual Encoding for Interactive Analysis of Temporal and Multivariate Attributes in Event Sequences,57a4e912ac44365e35c96911,itea—interactive trajectories and events analysis: exploring sequences of spatio-temporal events in movement data,68
10.1109/tvcg.2025.3634844,TFZ: Topology-Preserving Compression of 2D Symmetric and Asymmetric Second-Order Tensor Fields,539089bb20f70186a0d9882e,"the topology of symmetric, second-order tensor fields",69
10.1109/tvcg.2025.3634627,FlowForge: Guiding the Creation of Multi-Agent Workflows with Design Space Visualization as a Thinking Scaffold,59ae3be32bbe271c4c71b453,gravizor: a graphical tool for the visualization of web search engines results with multi-agent based modeling.,63
10.1109/tvcg.2025.3634815,Tell Me Without Telling Me: Two-Way Prediction of Visualization Literacy and Visual Attention,573698566e3b12023e71d166,the theory of visual attention without the race: a new model of visual selection.,68
10.1109/tvcg.2025.3633901,RelMap: Reliable Spatiotemporal Sensor Data Visualization via Imputative Spatial Interpolation,557c420208b02739a5ca27f3,seravi: a spatio-temporal data distribution visualization system for mobile sensor data retrieval,68
10.1109/tvcg.2025.3634830,Deconstructing Implicit Beliefs in Visual Data Journalism: Unstable Meanings Behind Data as Truth & Design for Insight,53e9a1bcb7602d9702ab41a5,the correlation between visual complexity and user trust in on-line shopping: implications for design,60
10.1109/tvcg.2025.3633908,PixelatedScatter: Arbitrary-Level Visual Abstraction for Large-Scale Multiclass Scatterplots,59cb0d6c0cf23f44bec68cab,cluster-based visual abstraction for multivariate scatterplots,65
10.1109/tvcg.2025.3633881,“They Aren't Built for Me”: An Exploratory Study of Strategies for Measurement of Graphical Primitives in Tactile Graphics,670c7b7101d2a3fbfccbf713,"""they aren't built for me"": a replication study of visual graphical perception with tactile representations of data for visually impaired users",63
10.1109/tvcg.2025.3634266,Motif Simplification for BioFabric Network Visualizations: Improving Pattern Recognition and Interpretation,5e5e191e93d709897ce5250e,improving symbolic data visualization for pattern recognition and knowledge discovery,68
10.1109/tvcg.2025.3634817,Enhancing Data Visualization Literacy: A Comparative Study of Learning Materials in Schools,669729b401d2a3fbfc786dad,visualization literacy of multimodal large language models: a comparative study,73
10.1109/tvcg.2025.3634792,An Autoethnography on Visualization Literacy: A Wicked Measurement Problem,643e0ad00746dc40e3419277,mini-vlat: a short and effective measure of visualization literacy,65
10.1109/tvcg.2025.3634780,EmbryoProfiler: A Visual Clinical Decision Support System for IVF,555048ab45ce0a409eb70567,usability improvement of a clinical decision support system,76
10.1109/tvcg.2025.3634843,BDIViz: An Interactive Visualization System for Biomedical Schema Matching with LLM-Powered Validation,53e9ae7db7602d970389aee9,components for visualization and interactive simulation with large data.,67
10.1109/tvcg.2025.3634876,Set Size Matters: Capacity-Limited Perception of Grouped Spatial-Frequency Glyphs,5550483045ce0a409eb6c504,size matters: the influence of viewing distance on perceived spatial frequency and contrast,60
10.1109/tvcg.2025.3634265,Story Ribbons: Reimagining Storyline Visualizations with Large Language Models,66c69f1101d2a3fbfc01973d,story3d-agent: exploring 3d storytelling visualization with large language models,70
10.1109/tvcg.2025.3634260,Cluster-Based Random Forest Visualization and Interpretation,539098dc20f70186a0e0cfb4,clutrfree: cluster tree visualization and interpretation.,80
10.1109/tvcg.2025.3633883,“It Looks Sexy but it's Wrong.” Tensions in Creativity and Accuracy using genAI for Biomedical Visualization,56d916e3dabfae2eee5f8376,an iterative workflow for creating biomedical visualizations using inkscape and d3.js.,65
10.1109/tvcg.2025.3634264,PiCCL: Data-Driven Composition of Bespoke Pictorial Charts,5bbacb4c17c44aecc4eacf92,apicomposer: data-driven composition of rest apis.,67
10.1109/tvcg.2025.3634638,Beyond the Broadcast: Enhancing VR Tennis Broadcasting Through Embedded Visualizations and Camera Techniques,5f06ed249fced0a24b9dffab,ieee transactions on broadcasting special issue on: convergence of broadcast and broadband in the 5g era,62
10.1109/tvcg.2025.3634807,Characterizing Visualization Perception with Psychological Phenomena: Uncovering the Role of Subitizing in Data Visualization,5390881220f70186a0d7e163,creating reusable visualizations with the relational visualization notation,63
10.1109/tvcg.2025.3634784,Dataset-Adaptive Dimensionality Reduction,53e99a4eb7602d97022b040f,adaptive metric dimensionality reduction,81
10.1109/tvcg.2025.3634654,Design Space and Declarative Grammar for 3D Genomic Data Visualization,5550468e45ce0a409eb5f606,declarative interaction design for data visualization,75
10.1109/tvcg.2025.3634808,MoMo - Combining Neuron Morphology and Connectivity for Interactive Motif Analysis in Connectomes,59ae3c0c2bbe271c4c71d5c7,brain modulyzer: interactive visual analysis of functional brain connectivity.,65
10.1109/tvcg.2025.3642518,Mixture of Cluster-Guided Experts for Retrieval-Augmented Label Placement,557e38eff6678c77ea2213f5,mixtures of probability experts for audio retrieval and indexing.,67
10.1109/tvcg.2025.3634653,OwnershipTracker: A Visual Analytics Approach to Uncovering Historical Book Ownership Patterns,5390a8b220f70186a0e9bb16,a visual analytics approach to understanding spatiotemporal hotspots,65
10.1109/tvcg.2025.3634257,VisMoDAl: Visual Analytics for Evaluating and Improving Corruption Robustness of Vision-Language Models,65d2b74d939a5f40828f23ba,llm comparator: visual analytics for side-by-side evaluation of large language models,68
10.1109/tvcg.2025.3634633,Calli-VA: A Visual Analytics System for Analyzing and Comparing Chinese Calligraphic Styles,5cc1860ee1cd8ef411d4f834,visual analytics challenges in analyzing calling context trees,64
10.1109/tvcg.2025.3634634,GSCache: Real-Time Radiance Caching for Volume Path Tracing Using 3D Gaussian Splatting,60d5542791e01153881e856a,real-time neural radiance caching for path tracing,68
10.1109/tvcg.2025.3634656,TactiVis: Towards Better Understanding of Team-Based Combat Tactics,53e9aa24b7602d970339574c,towards a better understanding of memory-based reasoning systems.,72
10.1109/tvcg.2025.3633829,A Rigorous Behavior Assessment of CNNs Using a Data-Domain Sampling Regime,678f5a57ae8580e7ff873136,analysis of “evaluation behavior” using students’ peer assessment process data,67
10.1109/tvcg.2025.3634652,AortaDiff: Volume-Guided Conditional Diffusion Models for Multi-Branch Aortic Surface Generation,656da6f5939a5f4082df14d0,artdiff: artwork generation via conditional diffusion models.,71
10.1109/tvcg.2025.3634789,Eye of the Beholder: Towards Measuring Visualization Complexity,5c61081eda56297340b2941b,measuring visual complexity of cluster-based visualizations,74
10.1109/tvcg.2025.3633839,Causality-based Visual Analytics of Sentiment Contagion in Social Media Topics,558ba004e4b02b9f07a25aeb,statistical text analysis and sentiment classification in social media,72
10.1109/tvcg.2025.3634637,GALE: Leveraging Heterogeneous Systems for Efficient Unstructured Mesh Data Analysis,5e09aa15df1a9c0c416b5a15,efficient gradient descent via value staleness analysis for heterogeneous deep learning systems,72
10.1109/tvcg.2025.3634649,Mosaic Selections: Managing and Optimizing User Selections for Scalable Data Visualization Systems,659b728f939a5f4082ed3a23,optimizing dataflow systems for scalable interactive visualization,67
10.1109/tvcg.2025.3634812,F-Hash: Feature-Based Hash Design for Time-Varying Volume Visualization via Multi-Resolution Tesseract Encoding,5390b86b20f70186a0f28141,a multiresolution volume rendering framework for large-scale time-varying data visualization.,67
10.1109/tvcg.2025.3633910,Algorithmically-Assisted Schematic Transit Map Design: A System and Algorithmic Core for Fast Layout Iteration,62d172a55aee126c0fdd450e,"facets of algorithmic literacy: information, experience, and individual factors predict attitudes toward algorithmic systems",63
10.1109/tvcg.2025.3642509,"Data Speaks, But who Gives It a Voice? Understanding Persuasive Strategies in Data-Driven News Articles",5ee356979fced0a24b91c6aa,the bird’s-eye view: a data-driven approach to understanding patient journeys from claims data,63
10.1109/tvcg.2025.3634824,SynAnno: Interactive Guided Proofreading of Synaptic Annotations,53e9bb0fb7602d970474babe,implementation of an interactive programming system,67
10.1109/tvcg.2025.3634874,Interactive Composition Operators An Alternative Approach for Selecting Linear Embedding Parameters,5390995d20f70186a0e167c4,a lightweight iterative compilation approach for optimization parameter selection,70
10.1109/tvcg.2025.3634777,Correcting Misperceptions at a Glance: Using Data Visualizations to Reduce Political Sectarianism,5736984f6e3b12023e717ad4,a real-time interactive data mining and visualization system using parallel computing.,63
10.1109/tvcg.2025.3634648,VolMoVis: Real-Time Volume Generation and Motion Visualization with Dynamic Tomographic Reconstruction,53e99c66b7602d970251485a,3d reconstruction and visualization of volume data in electrical capacitance tomography.,66
10.1109/tvcg.2025.3634234,Envisage: Towards Expressive Visual Graph Querying,5e2eb5213a55ace6202f4817,theoretically expressive and edge-aware graph learning.,66
10.1109/tvcg.2025.3634640,Interactive Hybrid Rice Breeding with Parametric Dual Projection,5fae6748d4150a363ce0481d,polarimetric sar speckle reduction by hybrid iterative filtering,69
10.1109/tvcg.2025.3633897,CrossSet: Unveiling the Complex Interplay of Two Set-typed Dimensions in Multivariate Data,5ac1824c17c44a1fda9135f6,overcoming the curse of dimensionality when clustering multivariate volume data,64
10.1109/tvcg.2025.3633909,Reframing Pattern: A Comprehensive Approach to a Composite Visual Variable,63b4e17e90e50fcafd9af71a,co-integration of oil and commodity prices: a comprehensive approach.,69
10.1109/tvcg.2025.3634642,StressDiffVis: Visual Analytics for Multi-Model Stress Comparison,5c38b5583a55acc9e54e2256,visual analysis for multi-spectral images comparisons.,74
10.1109/tvcg.2025.3634811,Data Augmentation for Visualization Design Knowledge Bases,5bdc317017c44a1f58a078c1,the fit of data visualization design for knowledge activation.,79
10.1109/tvcg.2025.3633911,How do Data Journalists Design Maps to Tell Stories?,539087f320f70186a0d6f45b,designing pets: a personal electronic teller of stories,63
10.1109/tvcg.2025.3634833,An Intelligent Interactive Visual Analytics System for Exploring Large and Multi-Scale Pathology Images,557c4f05f66765fbb46ae7f0,an integrated visual analysis system for fusing mr spectroscopy and multi-modal radiology imaging.,70
10.1109/tvcg.2025.3634806,ConceptViz: A Visual Analytics Approach for Exploring Concepts in Large Language Models,6757afb1ae8580e7ffb2e42e,exploring multi-grained concept annotations for multimodal large language models,72
10.1109/tvcg.2025.3634775,Affective Color Scales for Colormap Data Visualizations,53e9a39db7602d9702cad3b7,color data visualization for color imaging.,74
10.1109/tvcg.2025.3633905,Neighborhood-Preserving Voronoi Treemaps,5390b7fe20f70186a0f271d0,neighborhood preserving ordinal regression,73
10.1109/tvcg.2025.3634629,Conch: Competitive Debate Analysis via Visualizing Clash Points and Hierarchical Strategies,5a9cb65217c44a376ffb77a8,application of hierarchical visualization techniques in meta-analysis data.,67
10.1109/tvcg.2025.3634845,Locally Adapted Reference Frame Fields using Moving Least Squares,5bdc317017c44a1f58a07af0,real-time image deformation using locally-weighted moving least squares,66
10.1109/tvcg.2025.3634781,Designing for Disclosure in Data Visualizations,64ea767a3fda6d7f061708f6,data visualization for digital twins,75
10.1109/tvcg.2025.3634261,The Hue-Man Factor: An Empirical Evaluation of Visualization Perception and Accessibility Across Color Vision Profiles,5ff883dc91e011c8326744b7,evaluating the accessibility of digital audio workstations for blind or visually impaired people.,63
10.1109/tvcg.2025.3642641,DKMap: Interactive Exploration of Vision-Language Alignment in Multimodal Embeddings via Dynamic Kernel Enhanced Projection,611b77965244ab9dcbc988e2,rosita: enhancing vision-and-language semantic alignments via cross- and intra-modal knowledge integration.,64
10.1109/tvcg.2025.3634639,InsightChaser: Enhancing Visual Reasoning of Sports Tactical Visualization with Visual-Text Linking,68368b2a163c01c85079acf0,leveraging data visualization with ggplot2 in translation pedagogy: enhancing learning through visual insights.,64
10.1109/tvcg.2025.3634875,TrajLens: Visual Analysis for Constructing Cell Developmental Trajectories in Cross-Sample Exploration,58437707ac44360f1082b43e,a demonstration of visdpt: visual exploration of differentially private trajectories.,65
10.1109/tvcg.2025.3634823,Understanding Aortic Dissection Hemodynamics: Evaluating Adapted Smoke Surfaces Against Streakline-Based Techniques,5bdc31b417c44a1f58a0bb48,evaluating merging strategies for sampling-based uncertainty techniques in object detection,62
10.1109/tvcg.2025.3634228,F2Stories: A Modular Framework for Multi-Objective Optimization of Storylines with a Focus on Fairness,61c8799c5244ab9dcbf62e25,desdeo: the modular and open source framework for interactive multiobjective optimization,71
10.1109/tvcg.2025.3633882,TiVy: Time Series Visual Summary for Scalable Visualization,5b3d986f17c44a510f7faaad,composite visual mapping for time series visualization.,68
10.1109/tvcg.2025.3634809,VA-Blueprint: Uncovering Building Blocks for Visual Analytics System Design,53e9be65b7602d9704b2781d,"brix: a database of protein building blocks for structural analysis, modeling and design",65
10.1109/tvcg.2025.3634711,Collaborating Across Domains and Roles: An Interview Study of Visualization Design Practices,53e9b2ccb7602d9703d794d0,information visualization and interaction techniques for collaboration across multiple displays,68
10.1109/tvcg.2025.3634644,Urbanite: A Dataflow-Based Framework for Human-AI Interactive Alignment in Urban Visual Analytics,64dc49903fda6d7f06389ceb,the urban toolkit: a grammar-based framework for urban visual analytics,70
10.1109/tvcg.2025.3633912,Visual Analytics using Tensor Unified Linear Comparative Analysis,53e9b2ccb7602d9703d77301,g-pare: a visual analytic tool for comparative analysis of uncertain graphs,69
10.1109/tvcg.2025.3633878,“Mapping What I Feel“: Understanding Affective Geovisualization Design Through the Lens of People-Place Relationships,5390b24420f70186a0ee730c,investigating exceptional poets to inform an understanding of the relationship between poetry and design,65
10.1109/tvcg.2025.3634790,A Design Space for Multiscale Visualization,660cb81113fb2c6cf66b6a9e,a design space for visualization with large scale-item ratios,81
10.1109/tvcg.2025.3634788,ClimateSOM: A Visual Analysis Workflow for Climate Ensemble Datasets,5fc779e691e01148979212e6,climate-fever: a dataset for verification of real-world climate claims,66
10.1109/tvcg.2025.3634783,Critical Design Strategy: A Method for Heuristically Evaluating Visualisation Designs,569f943b0cf28abcee5757e5,using heuristic evaluation to foster visualization analysis and design skills.,72
10.1109/tvcg.2025.3634636,BondMatcher: H-Bond Stability Analysis in Molecular Systems,53e99a74b7602d97022e7921,nonlinear systems: stability analysis,74
10.1109/tvcg.2025.3634803,TrialCompass: Visual Analytics for Enhancing the Eligibility Criteria Design of Clinical Trials,5550475945ce0a409eb66a89,enhancing arden syntax for clinical trial eligibility criteria.,71
10.1109/tvcg.2025.3634225,Shifting Expectations for Encoding Rules Mitigates Misinterpretation of Connected Scatterplots,5fae6fe7d4150a363cefac94,expectation propagation decoding for sparse superposition codes,64
10.1109/tvcg.2025.3633886,Self-Supervised Continuous Colormap Recovery from a 2D Scalar Field Visualization without a Legend,659fbce5939a5f40827d9f13,self-supervised scale recovery for decoupled visual-inertial odometry,62
10.1109/tvcg.2025.3633835,Perceiving Slope and Acceleration: Evidence for Variable Tempo Sampling in Pitch-Based Sonification of Functions,53e9b6c4b7602d9704250df3,integrating statistical and nonstatistical audit evidence using belief functions: a case of variable sampling.,62
10.1109/tvcg.2025.3634641,The Impact of Visual Segmentation on Lexical Word Recognition,53e9af3ab7602d97039793b1,the influence of the lexicon on visual spocen word recognition.,76
10.1109/tvcg.2025.3633870,OW-CLIP: Data-Efficient Visual Supervision for Open-World Object Detection via Human-AI Collaboration,599c7f34601a182cd28fabeb,training a convolutional neural network for multi-class object detection using solely virtual world data,65
10.1109/tvcg.2025.3634786,Investigating the Effects of Augmented Reality on Message Credibility When Visualizing Environmental Impacts,60a4e58991e011f4291ce42b,investigating the impact of real-world environments on the perception of 2d visualizations in augmented reality.,68
10.1109/tvcg.2025.3633868,Uncertainty-Aware PCA Revisited,65c19a62939a5f40825de0b1,uncertainty-aware perceiver,79
