vispub_doi,aminer_id,method
10.1109/visual.1999.809927,539087f820f70186a0d72a84,doi
10.1109/vast.2007.4388993,5390a45620f70186a0e733d1,doi
10.1109/tvcg.2017.2744479,59ae0cda0cf284510fa8b411,doi
10.1109/tvcg.2020.3030456,5f7c371791e0117ac2a788a1,doi
10.1109/visual.1996.568151,539087dd20f70186a0d62acb,doi
10.1109/visual.1998.745340,539087eb20f70186a0d6c0fe,doi
10.1109/visual.1999.809878,539087f820f70186a0d72a38,doi
10.1109/visual.2004.72,5390979920f70186a0e00555,doi
10.1109/tvcg.2007.70521,53909f8c20f70186a0e3f780,doi
10.1109/tvcg.2009.183,5390a6d920f70186a0e87dc6,doi
10.1109/vast.2008.4677360,53e9bce1b7602d9704965e9b,doi
10.1109/infvis.2004.12,5390979920f70186a0e010cf,doi
10.1109/visual.1992.235229,5390958a20f70186a0def6e4,doi
10.1109/tvcg.2015.2466838,5687e0ea0cf2afdcd165fc05,doi
10.1109/tvcg.2020.3030373,5d80b6cf3a55acb8a2d780ca,doi
10.1109/tvcg.2024.3456337,666f984c01d2a3fbfca1b9d7,doi
10.1109/tvcg.2007.70585,53909f8c20f70186a0e3f766,doi
10.1109/vast47406.2019.8986940,5d4018463a55ac91db22afcb,doi
10.1109/tvcg.2020.3028984,601d1a49af79179a990767dd,doi
10.1109/visual.1999.809915,539087f820f70186a0d72a78,doi
10.1109/scivis.2015.7429493,573698876e3b12023e74617c,doi
10.1109/tvcg.2021.3114876,615837ed5244ab9dcb3c8d3a,doi
10.1109/tvcg.2024.3456329,66b96bb301d2a3fbfcb647aa,doi
10.1109/visual.1990.146370,5390958a20f70186a0def673,doi
10.1109/visual.2004.86,5390979920f70186a0e00535,doi
10.1109/tvcg.2008.182,5390a28020f70186a0e62b9f,doi
10.1109/visual.2000.885730,5390881220f70186a0d7e1b0,doi
10.1109/vast.2012.6400487,5390bae520f70186a0f3b19f,doi
10.1109/tvcg.2024.3456335,66b42a0e01d2a3fbfc93594f,doi
10.1109/visual.1997.663889,539087e620f70186a0d6756d,doi
10.1109/visual.2002.1183752,539089ab20f70186a0d96b2b,doi
10.1109/infvis.2004.3,5390979920f70186a0e010c3,doi
10.1109/tvcg.2008.147,5390a28020f70186a0e62bd3,doi
10.1109/tvcg.2008.142,5390a28020f70186a0e62bd4,doi
10.1109/tvcg.2011.183,5390b20120f70186a0ee5042,doi
10.1109/tvcg.2012.260,558b658b84ae84d265c3250e,doi
10.1109/tvcg.2015.2468093,563b69d10cf20b987890bc8d,doi
10.1109/visual.2001.964518,539089ab20f70186a0d96aa4,doi
10.1109/visual.1994.346342,5390958a20f70186a0defa88,doi
10.1109/tvcg.2011.195,5390b20120f70186a0ee5064,doi
10.1109/tvcg.2020.3030430,5f60934491e011380587012c,doi
10.1109/tvcg.2023.3326597,64c88ca43fda6d7f0626883d,doi
10.1109/visual.1996.568118,539087dd20f70186a0d62a30,doi
10.1109/visual.2003.1250401,539098b820f70186a0e0a6ed,doi
10.1109/vast.2012.6400544,5390bae520f70186a0f3b1bf,doi
10.1109/tvcg.2012.195,53e99c36b7602d97024e5809,doi
10.1109/vast.2009.5332586,53e9b7e8b7602d97043988e1,doi
10.1109/visual.2004.119,5390979920f70186a0e0057c,doi
10.1109/visual.2003.1250410,539098b820f70186a0e0a6f5,doi
10.1109/vast.2010.5652890,53e9a994b7602d97032ef160,doi
10.1109/tvcg.2015.2467691,5687dc840cf2afdcd165f970,doi
10.1109/vast.2016.7883507,599c7c2d601a182cd2791014,doi
10.1109/tvcg.2019.2934288,5d4800593a55ac01b0f8fee9,doi
10.1109/tvcg.2023.3326588,64d5b2153fda6d7f060cffc8,doi
10.1109/visual.1996.568148,539087dd20f70186a0d62ac2,doi
10.1109/visual.2003.1250426,539098b820f70186a0e0a726,doi
10.1109/tvcg.2014.2346279,557c8a856feeaa8086da1211,doi
10.1109/scivis.2015.7429505,573698876e3b12023e746187,doi
10.1109/tvcg.2020.3030434,601d1a49af79179a990767e0,doi
10.1109/tvcg.2021.3114801,610a25a25244ab9dcba80ee6,doi
10.1109/visual.2001.964540,539089ab20f70186a0d96ab9,doi
10.1109/tvcg.2015.2467434,563b69d10cf20b987890bc8f,doi
10.1109/visual.2003.1250428,539098b820f70186a0e0a729,doi
10.1109/tvcg.2017.2744683,59ae0cda0cf284510fa8b40f,doi
10.1109/tvcg.2019.2934395,5d86017347c8f76646ee22c1,doi
10.1109/visual.2001.964544,53e9aa8eb7602d9703407fca,doi
10.1109/tvcg.2016.2599030,58437713ac44360f1082cbe9,doi
10.1109/tvcg.2020.3030459,5f3cfbfb91e011c89f2f17d3,doi
10.1109/tvcg.2020.3030402,5f589f6091e011e46ee73225,doi
10.1109/tvcg.2022.3209387,6334267f90e50fcafd6a49f8,doi
10.1109/infvis.1996.559225,53908cde20f70186a0dcd86d,doi
10.1109/infvis.1997.636786,53908cde20f70186a0dcd887,doi
10.1109/tvcg.2009.190,5390a6d920f70186a0e87ddc,doi
10.1109/visual.1992.235226,5582d31b0cf2fcbbc5f1d693,doi
10.1109/tvcg.2016.2598830,58437713ac44360f1082cc22,doi
10.1109/tvcg.2019.2934790,5d4800593a55ac01b0f8fe83,doi
10.1109/tvcg.2022.3209347,62fc5c7b90e50fcafdbca4b7,doi
10.1109/tvcg.2023.3327155,64f7f9373fda6d7f06f28242,doi
10.1109/tvcg.2023.3326522,6538ade6939a5f4082b0b4e2,doi
10.1109/tvcg.2024.3456210,66b1847401d2a3fbfc600b73,doi
10.1109/tvcg.2011.235,5390b20120f70186a0ee5092,doi
10.1109/vast.2012.6400549,5390bae520f70186a0f3b1c4,doi
10.1109/tvcg.2017.2744338,59ae0cda0cf284510fa8b41b,doi
10.1109/visual.1990.146389,5390958a20f70186a0def686,doi
10.1109/tvcg.2008.131,5390a28020f70186a0e62bc9,doi
10.1109/visual.2000.885729,599c7eff601a182cd28e1397,doi
10.1109/visual.2004.18,5390979920f70186a0e0052f,doi
10.1109/tvcg.2006.199,53909a9320f70186a0e21aad,doi
10.1109/tvcg.2018.2864847,5c0f890cda562944ac9859c1,doi
10.1109/tvcg.2019.2934266,5d42baea3a55ac0e3f2739cb,doi
10.1109/visual.1993.398846,5390958a20f70186a0def764,doi
10.1109/tvcg.2021.3114861,615837ee5244ab9dcb3c9032,doi
10.1109/tvcg.2022.3209351,62ea18d35aee126c0fca12b3,doi
10.1109/visual.1998.745329,539087eb20f70186a0d6c0f0,doi
10.1109/visual.2000.885708,5390881220f70186a0d7e18b,doi
10.1109/visual.1990.146398,5390958a20f70186a0def68f,doi
10.1109/tvcg.2011.245,5390b20120f70186a0ee5071,doi
10.1109/visual.1992.235189,53e9a906b7602d9703258626,doi
10.1109/scivis.2015.7429491,573698876e3b12023e746181,doi
10.1109/vast.2007.4389030,5390a45620f70186a0e733f4,doi
10.1109/tvcg.2013.207,5390be6620f70186a0f4bb9f,doi
10.1109/infvis.2001.963280,53e99d58b7602d9702613f40,doi
10.1109/vast.2015.7347635,573697316e3b12023e6214e9,doi
10.1109/visual.1992.235213,5390958a20f70186a0def6f4,doi
10.1109/tvcg.2023.3326925,64dafb293fda6d7f064e2afc,doi
10.1109/visual.1995.480810,53908bcc20f70186a0dc6cef,doi
10.1109/tvcg.2024.3456394,66b429da01d2a3fbfc92ae62,doi
10.1109/visual.1994.346287,5390958a20f70186a0defac0,doi
10.1109/tvcg.2010.145,5390ada620f70186a0ec2490,doi
10.1109/tvcg.2020.3030345,5fd344ded4150a363cb2550e,doi
10.1109/tvcg.2022.3209369,62f1d08b90e50fcafd88e955,doi
10.1109/tvcg.2024.3456304,66a8495f01d2a3fbfc0804bf,doi
10.1109/tvcg.2024.3456328,66e0d5ac01d2a3fbfc92aa8b,doi
10.1109/vast.2015.7347674,573697316e3b12023e62163a,doi
10.1109/tvcg.2018.2865118,5c0f890cda562944ac9859e5,doi
10.1109/visual.2001.964551,539089ab20f70186a0d96ac4,doi
10.1109/visual.2004.26,5390979920f70186a0e0058b,doi
10.1109/tvcg.2010.130,5390ada620f70186a0ec24b5,doi
10.1109/scivis.2015.7429485,573698876e3b12023e74618d,doi
10.1109/tvcg.2016.2598445,58437713ac44360f1082cbfa,doi
10.1109/tvcg.2018.2865023,5c0f890cda562944ac9859d7,doi
10.1109/tvcg.2008.144,5390a28020f70186a0e62bbd,doi
10.1109/tvcg.2010.198,5390ada620f70186a0ec24cb,doi
10.1109/vast.2015.7347683,5666e5ff0cf21b6358414eea,doi
10.1109/tvcg.2021.3114805,610cad6e5244ab9dcb1b41b6,doi
10.1109/tvcg.2018.2865194,5c0f890cda562944ac9859f3,doi
10.1109/tvcg.2013.152,5390be6620f70186a0f4bbf5,doi
10.1109/tvcg.2014.2346433,55503f9045ce0a409eb2ebf8,doi
10.1109/visual.1996.568135,539087dd20f70186a0d62a67,doi
10.1109/infvis.2005.1532136,5390990f20f70186a0e10035,doi
10.1109/tvcg.2014.2346416,55503f9145ce0a409eb2ecba,doi
10.1109/tvcg.2014.2346448,557c816b6feeaa8086da0298,doi
10.1109/tvcg.2017.2744298,59ae0cda0cf284510fa8b421,doi
10.1109/tvcg.2018.2864911,5c0f890cda562944ac9859d0,doi
10.1109/visual.1991.175809,5390958a20f70186a0def6c4,doi
10.1109/visual.2003.1250382,539098b820f70186a0e0a6da,title
10.1109/tvcg.2009.116,5390a6d920f70186a0e87d9f,doi
10.1109/visual.2002.1183757,53e997ddb7602d9701fd489c,doi
10.1109/vast.2011.6102449,53e9be04b7602d9704abae66,doi
10.1109/tvcg.2020.3030426,5f8821259fced0a24b0d9945,doi
10.1109/visual.2003.1250363,539098b820f70186a0e0a6c7,doi
10.1109/visual.1992.235193,53e9b451b7602d9703f4b137,doi
10.1109/tvcg.2014.2346411,557c4f55f66765fbb46ae8c0,doi
10.1109/tvcg.2023.3326527,64ed716d3fda6d7f0658aa2b,doi
10.1109/tvcg.2023.3326525,653b50f3939a5f4082347494,doi
10.1109/visual.2004.81,5390979920f70186a0e00559,doi
10.1109/tvcg.2020.3030380,5f56011191e011c84a47598a,doi
10.1109/tvcg.2013.160,5390be6620f70186a0f4bbdc,doi
10.1109/vast.2011.6102490,53e9afc0b7602d9703a0f6f8,doi
10.1109/tvcg.2019.2934614,5d4bf3df3a55ac7c4c73bc86,doi
10.1109/visual.2000.885736,5390881220f70186a0d7e1ba,doi
10.1109/visual.2002.1183775,539089ab20f70186a0d96b41,doi
10.1109/tvcg.2018.2865041,5c0f890cda562944ac9859df,doi
10.1109/visual.1992.235230,5390958a20f70186a0def6e3,doi
10.1109/infvis.2005.1532148,5390990f20f70186a0e10040,doi
10.1109/vast.2009.5333099,53e99d05b7602d97025bc795,doi
10.1109/tvcg.2018.2864853,5c0f890cda562944ac9859c5,doi
10.1109/tvcg.2023.3327195,653ca290939a5f4082909a79,doi
10.1109/vast.2008.4677366,5390a5dc20f70186a0e7eb95,doi
10.1109/visual.1998.745324,539087eb20f70186a0d6c0e6,doi
10.1109/tvcg.2020.3028975,5f86d2089fced0a24b45ff17,doi
10.1109/vast.2011.6102454,558b3042e4b031bae1fbfee0,doi
10.1109/tvcg.2019.2934300,5d63ae47ed7e9c7926557d9d,doi
10.1109/visual.1999.809887,539087f820f70186a0d72a3f,doi
10.1109/tvcg.2018.2865138,5c0f890cda562944ac9859e7,doi
10.1109/tvcg.2019.2934783,5d63ae47ed7e9c7926557dc2,doi
10.1109/tvcg.2022.3209419,62f1d07190e50fcafd889e8d,doi
10.1109/visual.1994.346328,53908d6520f70186a0dd102c,doi
10.1109/vast.2009.5333880,53e9aa5cb7602d97033c967d,doi
10.1109/vast.2014.7042489,5550451845ce0a409eb5398f,doi
10.1109/tvcg.2019.2934267,5d7cbcc447c8f76646dc3201,doi
10.1109/tvcg.2006.140,53909a9320f70186a0e21abc,doi
10.1109/visual.1997.663925,539087e620f70186a0d675a4,doi
10.1109/tvcg.2024.3456405,66b96bb301d2a3fbfcb647e7,doi
10.1109/tvcg.2007.70556,53909f8c20f70186a0e3f78d,doi
10.1109/tvcg.2012.192,53e99a43b7602d97022a4bb8,doi
10.1109/tvcg.2015.2467831,563b69d10cf20b987890bc9e,doi
10.1109/tvcg.2015.2467871,563b69d20cf20b987890bcb6,doi
10.1109/tvcg.2017.2744318,59ae0cda0cf284510fa8b41f,doi
10.1109/tvcg.2020.3030408,5f3bb77b91e0110589e89c2c,doi
10.1109/tvcg.2015.2469125,5687debc0cf2afdcd165faae,doi
10.1109/vast.2015.7347678,573697316e3b12023e6215f5,doi
10.1109/tvcg.2018.2864850,5c0f8dc4da562944aca23b59,doi
10.1109/infvis.2004.21,5390979920f70186a0e010ca,doi
10.1109/tvcg.2007.70587,53e9b65bb7602d97041be108,doi
10.1109/tvcg.2020.3030462,5f574a7791e011f4c3d5d9e5,doi
10.1109/tvcg.2022.3209400,6336c8c090e50fcafd18f68b,doi
10.1109/visual.1997.663871,539087e620f70186a0d67553,doi
10.1109/visual.1997.663929,539087e620f70186a0d675a8,doi
10.1109/visual.2000.885720,539096cb20f70186a0df6efe,title
10.1109/visual.2004.96,5390979920f70186a0e00562,doi
10.1109/infvis.2005.1532127,5390990f20f70186a0e1002c,doi
10.1109/vast.2006.261418,53e9a3b3b7602d9702cc37ad,doi
10.1109/tvcg.2015.2467325,5687e05e0cf2afdcd165fbb4,doi
10.1109/tvcg.2021.3114814,613829e55244ab9dcb15ecaf,doi
10.1109/infvis.1995.528686,539087f320f70186a0d6ec0b,doi
10.1109/visual.1994.346292,5390958a20f70186a0defaba,doi
10.1109/tvcg.2007.70542,53909f8c20f70186a0e3f7af,doi
10.1109/tvcg.2018.2865193,5c0f890cda562944ac9859f2,doi
10.1109/tvcg.2022.3209453,633eb80190e50fcafdce8fdb,doi
10.1109/tvcg.2006.116,53909a9320f70186a0e21aaf,doi
10.1109/tvcg.2012.211,53e9a281b7602d9702b89656,doi
10.1109/visual.1994.346331,53e9a301b7602d9702c0eee3,doi
10.1109/tvcg.2022.3209420,633d610d90e50fcafd1d89a7,doi
10.1109/visual.1997.663897,539087e620f70186a0d67582,doi
10.1109/visual.1992.235198,539087f320f70186a0d6ec0a,doi
10.1109/visual.2000.885685,5390881220f70186a0d7e16f,doi
10.1109/tvcg.2016.2598468,58437713ac44360f1082cbe6,doi
10.1109/visual.1998.745353,539087eb20f70186a0d6c118,doi
10.1109/infvis.1996.559226,53908cde20f70186a0dcd86f,doi
10.1109/tvcg.2006.188,53909a9320f70186a0e21a8b,doi
10.1109/vast.2011.6102440,5390bd1520f70186a0f446a8,doi
10.1109/vast.2015.7347633,573697316e3b12023e62164f,doi
10.1109/tvcg.2024.3456367,66a8498901d2a3fbfc0843aa,doi
10.1109/tvcg.2014.2352952,55503f9045ce0a409eb2ec09,doi
10.1109/visual.2002.1183791,539089ab20f70186a0d96b51,doi
10.1109/vast.2008.4677364,558b0bfee4b037c0875ab4e4,doi
10.1109/infvis.1998.729565,53908af920f70186a0db0743,doi
10.1109/tvcg.2013.180,5390be6620f70186a0f4bbb2,doi
10.1109/vast.2006.261439,558acdace4b0b32fcb38f4b5,doi
10.1109/scivis.2015.7429507,573698876e3b12023e746196,doi
10.1109/tvcg.2021.3114848,61962ea95244ab9dcb857c4e,doi
10.1109/tvcg.2011.178,5390b20120f70186a0ee5081,doi
10.1109/visual.1991.175830,53e9b95bb7602d97045447b4,doi
10.1109/vast.2008.4677394,558b0c01e4b037c0875ab4fb,doi
10.1109/tvcg.2015.2467294,5687e7a70cf2afdcd166001a,doi
10.1109/visual.1998.745283,558a870de4b0b32fcb375840,doi
10.1109/visual.1999.809917,539087f820f70186a0d72a7a,doi
10.1109/tvcg.2007.70596,53909f8c20f70186a0e3f789,doi
10.1109/tvcg.2008.165,5390a28020f70186a0e62bbe,doi
10.1109/tvcg.2009.121,5390a6d920f70186a0e87db4,doi
10.1109/tvcg.2010.174,5390ada620f70186a0ec24b2,doi
10.1109/vast.2010.5652478,558c8ff184ae6766fdf3c6c6,doi
10.1109/tvcg.2020.3030421,5f2140ec91e011f62007afd9,doi
10.1109/tvcg.2024.3456363,6698789301d2a3fbfc542f16,doi
10.1109/visual.1997.663857,539087e620f70186a0d67540,doi
10.1109/visual.1998.745287,539087eb20f70186a0d6c09a,doi
10.1109/tvcg.2006.154,53909a9320f70186a0e21ad9,doi
10.1109/tvcg.2011.230,5390b20120f70186a0ee506b,doi
10.1109/tvcg.2018.2864814,5c0f88edda562944ac981683,doi
10.1109/tvcg.2006.113,53909a9320f70186a0e21aa0,doi
10.1109/vast.2010.5652433,53e998a2b7602d97020da32c,doi
10.1109/tvcg.2020.3030343,5f58ad2291e011e46ee73390,doi
10.1109/vast.2007.4388991,5390a45620f70186a0e733cf,doi
10.1109/tvcg.2012.200,53e9ae22b7602d9703835712,doi
10.1109/tvcg.2020.3028955,5f75bbe691e0111c1eb4d535,doi
10.1109/tvcg.2011.239,5390b20120f70186a0ee505e,doi
10.1109/tvcg.2017.2745178,59ae0cda0cf284510fa8b3f8,doi
10.1109/tvcg.2020.3030415,5eb3dc4191e011ce31f27f60,doi
10.1109/tvcg.2020.3030350,5f75b61791e0111c1eb4d497,doi
10.1109/visual.2002.1183783,539089ab20f70186a0d96b49,doi
10.1109/vast.2012.6400490,5390bae520f70186a0f3b1a2,doi
10.1109/tvcg.2017.2744138,59ae0cda0cf284510fa8b42b,doi
10.1109/infvis.2005.1532147,5390990f20f70186a0e1003f,doi
10.1109/vast.2011.6102456,53e9bc73b7602d97048efa09,doi
10.1109/tvcg.2018.2865119,5c0f890cda562944ac9859e6,doi
10.1109/visual.1998.745352,539087eb20f70186a0d6c117,doi
10.1109/tvcg.2011.211,5390b20120f70186a0ee5035,doi
10.1109/vast.2012.6400556,5390bae520f70186a0f3b1cb,doi
10.1109/tvcg.2008.171,5390a28020f70186a0e62bb3,doi
10.1109/tvcg.2022.3209360,61ef6aea5244ab9dcb688bb2,doi
10.1109/tvcg.2024.3456398,6698789301d2a3fbfc542e25,doi
10.1109/tvcg.2019.2934805,5d63ae47ed7e9c7926557dcd,doi
10.1109/visual.2002.1183812,539089ab20f70186a0d96b66,doi
10.1109/visual.2004.14,5390979920f70186a0e00579,doi
10.1109/tvcg.2008.123,5390a28020f70186a0e62b9c,doi
10.1109/tvcg.2020.3028957,5f574de591e011f4c3d5da3a,doi
10.1109/infvis.1996.559221,53908cde20f70186a0dcd862,doi
10.1109/visual.2004.80,5390979920f70186a0e00534,doi
10.1109/infvis.2004.74,5390979920f70186a0e010e4,doi
10.1109/tvcg.2007.70566,53909f8c20f70186a0e3f7a9,doi
10.1109/vast.2007.4388996,5390a45620f70186a0e733d4,doi
10.1109/tvcg.2009.128,5390a6d920f70186a0e87db9,doi
10.1109/vast.2008.4677391,53e99ec3b7602d970278a9b6,doi
10.1109/vast.2010.5652931,53e9b87fb7602d970444d81b,doi
10.1109/tvcg.2015.2467619,5687e53c0cf2afdcd165fe93,doi
10.1109/tvcg.2022.3209348,63357b8490e50fcafd1c2c76,doi
10.1109/visual.2004.108,5390979920f70186a0e00588,doi
10.1109/visual.2003.1250376,539098b820f70186a0e0a6d4,doi
10.1109/vast.2008.4677373,53e9a02db7602d97029101f6,doi
10.1109/visual.1999.809940,53e9ae3cb7602d9703851a19,doi
10.1109/tvcg.2018.2865237,5c0f890cda562944ac9859f9,doi
10.1109/tvcg.2011.214,5390b20120f70186a0ee5036,doi
10.1109/tvcg.2013.150,5390be6620f70186a0f4bbde,doi
10.1109/tvcg.2018.2864812,5b67b4b417c44aac1c86719f,doi
10.1109/tvcg.2019.2934797,5d63ae47ed7e9c7926557dc7,doi
10.1109/tvcg.2022.3209484,62f4739390e50fcafdfecaa6,doi
10.1109/tvcg.2022.3209485,62fdae2c90e50fcafdd601f1,doi
10.1109/tvcg.2024.3456406,66a5c32a01d2a3fbfcf7cdd5,doi
10.1109/visual.1993.398882,53908f5b20f70186a0ddaa11,doi
10.1109/tvcg.2017.2744321,59ae0cda0cf284510fa8b41d,doi
10.1109/tvcg.2022.3209498,632bd2a990e50fcafdb7a0fb,doi
10.1109/tvcg.2009.155,5390a6d920f70186a0e87d98,doi
10.1109/tvcg.2019.2934275,5d4018463a55ac91db22aeab,doi
10.1109/visual.1993.398857,5390958a20f70186a0def76f,doi
10.1109/visual.2003.1250352,539098b820f70186a0e0a6bc,doi
10.1109/tvcg.2017.2744322,59ae0cda0cf284510fa8b41c,doi
10.1109/tvcg.2019.2934209,5d0a0e7f3a55ac03d0ed9b17,doi
10.1109/visual.1998.745317,539087eb20f70186a0d6c0d6,doi
10.1109/infvis.2002.1173152,53908cde20f70186a0dcd8db,doi
10.1109/tvcg.2015.2467813,563b69d10cf20b987890bc9f,doi
10.1109/tvcg.2016.2598470,58437713ac44360f1082cbbf,doi
10.1109/tvcg.2006.134,53909a9320f70186a0e21a98,doi
10.1109/tvcg.2012.219,53e9a711b7602d9703048203,doi
10.1109/tvcg.2006.120,53909a9320f70186a0e21aca,doi
10.1109/tvcg.2013.131,5390be6620f70186a0f4bbab,doi
10.1109/vast.2011.6102478,53e9abc9b7602d970357da0a,doi
10.1109/tvcg.2016.2598919,58437713ac44360f1082cbf9,doi
10.1109/tvcg.2023.3327403,64dafb293fda6d7f064e2d79,doi
10.1109/visual.2004.105,5390979920f70186a0e0054b,doi
10.1109/tvcg.2012.278,558b656784ae84d265c32453,doi
10.1109/tvcg.2020.3028888,5f61de9e91e011fae8fd6a21,doi
10.1109/tvcg.2023.3327194,64d1bde83fda6d7f06ec39e2,doi
10.1109/tvcg.2010.166,5390ada620f70186a0ec247d,doi
10.1109/tvcg.2013.226,5390be6620f70186a0f4bba7,doi
10.1109/tvcg.2019.2934262,5d4409be3a55acdd764723e7,doi
10.1109/tvcg.2022.3209455,6764e47eae8580e7ffbee197,doi
10.1109/tvcg.2009.170,5390a6d920f70186a0e87daa,doi
10.1109/vast.2015.7347686,573697316e3b12023e62167e,doi
10.1109/tvcg.2008.137,5390a28020f70186a0e62baa,doi
10.1109/tvcg.2013.142,5390be6620f70186a0f4bba3,doi
10.1109/tvcg.2018.2864827,5c0f88edda562944ac981689,doi
10.1109/tvcg.2022.3209491,631ff4f690e50fcafd85abf2,doi
10.1109/visual.1999.809894,539087f820f70186a0d72a46,doi
10.1109/vast.2008.4677386,558b0c00e4b037c0875ab4f4,doi
10.1109/tvcg.2016.2598824,58437713ac44360f1082cc26,doi
10.1109/tvcg.2022.3209352,6338502e90e50fcafd522ec3,doi
10.1109/infvis.2003.1249016,5390979920f70186a0dffcea,doi
10.1109/infvis.2004.13,5390979920f70186a0e010ba,doi
10.1109/vast.2015.7347682,573697316e3b12023e621660,doi
10.1109/visual.2000.885675,5390881220f70186a0d7e162,doi
10.1109/tvcg.2013.231,5390be6620f70186a0f4bbd7,doi
10.1109/vast.2009.5333965,53e9ad6cb7602d97037587fa,doi
10.1109/tvcg.2021.3114781,61397b715244ab9dcb323aa8,doi
10.1109/visual.2004.34,5390979920f70186a0e00530,doi
10.1109/infvis.2005.1532125,5390990f20f70186a0e1002a,doi
10.1109/vast.2007.4389026,5390a45620f70186a0e733f1,doi
10.1109/tvcg.2009.182,5390a6d920f70186a0e87da7,doi
10.1109/vast.2009.5332593,558b5f6ae4b037c0875c86f6,doi
10.1109/tvcg.2016.2598885,58437713ac44360f1082cc12,doi
10.1109/tvcg.2018.2865043,5c0f8b3bda562944ac9cbf25,doi
10.1109/tvcg.2015.2467271,5687de2e0cf2afdcd165fa62,doi
10.1109/tvcg.2017.2744118,59ae0cda0cf284510fa8b42c,doi
10.1109/tvcg.2023.3326915,6539ff5c939a5f40823b0505,doi
10.1109/visual.1998.745281,539087ef20f70186a0d6cefe,doi
10.1109/visual.1997.663895,53e9a96cb7602d97032c306c,doi
10.1109/visual.1997.663921,53e9aab7b7602d97034335cd,doi
10.1109/tvcg.2019.2934612,5d63ae47ed7e9c7926557dad,doi
10.1109/infvis.2004.49,5390979920f70186a0e010d5,title
10.1109/tvcg.2017.2743979,59ae0cdb0cf284510fa8b43c,doi
10.1109/tvcg.2012.284,53e998ceb7602d970210aed8,doi
10.1109/scivis.2015.7429509,573698876e3b12023e746190,doi
10.1109/tvcg.2018.2864899,5c0f890cda562944ac9859ca,doi
10.1109/tvcg.2024.3456601,669dbc8001d2a3fbfca4233f,doi
10.1109/tvcg.2013.197,5390be6620f70186a0f4bbae,doi
10.1109/tvcg.2009.168,5390a6d920f70186a0e87dd4,doi
10.1109/tvcg.2013.147,5390be6620f70186a0f4bb93,doi
10.1109/tvcg.2020.3030440,5f89773f9fced0a24bad3d24,doi
10.1109/visual.1990.146388,5390958a20f70186a0def685,doi
10.1109/tvcg.2007.70535,53909f8c20f70186a0e3f783,doi
10.1109/visual.1999.809876,539087f820f70186a0d72a36,doi
10.1109/visual.1994.346291,5390958a20f70186a0defabb,doi
10.1109/tvcg.2011.191,5390b20120f70186a0ee507e,doi
10.1109/vast.2012.6400535,5390bae520f70186a0f3b1b6,doi
10.1109/vast.2010.5652450,53e9bc6eb7602d97048eb43c,doi
10.1109/tvcg.2015.2467555,563b69d20cf20b987890bcb5,doi
10.1109/tvcg.2020.3028891,5f8188e79fced0a24b1615e6,doi
10.1109/tvcg.2021.3114822,6156e6655244ab9dcb54fe38,doi
10.1109/visual.2001.964548,539089ab20f70186a0d96ac1,doi
10.1109/tvcg.2009.200,5390a6d920f70186a0e87d99,doi
10.1109/scivis.2015.7429510,573698876e3b12023e74618a,doi
10.1109/tvcg.2019.2934593,5d5e685ded7e9c79265497a9,doi
10.1109/tvcg.2024.3456371,66b2d8b401d2a3fbfcf3b04c,doi
10.1109/visual.1996.567752,539087dd20f70186a0d62845,doi
10.1109/tvcg.2013.132,5390be6620f70186a0f4bba6,doi
10.1109/vast.2014.7042477,556fd6282401b4b38c238357,doi
10.1109/visual.2004.46,558a60b484ae84d265bd3f6f,doi
10.1109/tvcg.2016.2598898,58437713ac44360f1082cc27,doi
10.1109/tvcg.2020.3030376,5f9a94e0d4150a363c9d4fd9,doi
10.1109/infvis.2004.70,5390979920f70186a0e010bc,doi
10.1109/tvcg.2010.179,5390ada620f70186a0ec24c2,doi
10.1109/tvcg.2011.209,5390b20120f70186a0ee506e,doi
10.1109/tvcg.2011.161,5390b20120f70186a0ee507d,doi
10.1109/vast.2012.6400533,5390bae520f70186a0f3b1b4,doi
10.1109/vast.2016.7883508,599c7c2d601a182cd2790e20,doi
10.1109/tvcg.2017.2745278,59ae0cda0cf284510fa8b3f2,doi
10.1109/tvcg.2019.2934283,5d5e685ded7e9c792654978f,doi
10.1109/tvcg.2021.3114851,611239b15244ab9dcb32d960,doi
10.1109/visual.2002.1183828,539089ab20f70186a0d96b76,doi
10.1109/visual.1993.398858,5390958a20f70186a0def770,doi
10.1109/visual.1996.568108,53e9b67db7602d97041e6a4a,doi
10.1109/tvcg.2016.2598869,58437713ac44360f1082cc33,doi
10.1109/tvcg.2012.228,53e9ba84b7602d97046a76f5,doi
10.1109/tvcg.2024.3456143,66e0d5b701d2a3fbfc92be5e,doi
10.1109/tvcg.2010.131,5390ada620f70186a0ec24ca,doi
10.1109/tvcg.2011.201,5390b20120f70186a0ee5049,doi
10.1109/tvcg.2017.2745180,59ae0cda0cf284510fa8b3f7,doi
10.1109/tvcg.2019.2934655,5d63ae47ed7e9c7926557db5,doi
10.1109/visual.1996.568145,539087dd20f70186a0d62ab7,doi
10.1109/visual.1997.663868,539087e620f70186a0d6754f,doi
10.1109/scivis.2015.7429492,573698876e3b12023e746184,doi
10.1109/tvcg.2023.3326592,64b76c6a3fda6d7f068ee1c3,doi
10.1109/visual.1996.567812,539087dd20f70186a0d62863,doi
10.1109/infvis.2003.1249004,5390aeba20f70186a0ecafec,doi
10.1109/tvcg.2013.153,5390be6620f70186a0f4bbdf,doi
10.1109/tvcg.2010.193,5390ada620f70186a0ec249d,doi
10.1109/tvcg.2011.165,5390b20120f70186a0ee508a,doi
10.1109/tvcg.2018.2864903,5c0f890cda562944ac9859cc,doi
10.1109/tvcg.2024.3456338,669dbc7501d2a3fbfca413f1,doi
10.1109/visual.1996.567600,539087dd20f70186a0d62830,doi
10.1109/visual.2002.1183758,539089ab20f70186a0d96b30,doi
10.1109/visual.1990.146361,5390958a20f70186a0def66a,doi
10.1109/vast.2008.4677388,53e999eeb7602d9702236653,doi
10.1109/tvcg.2014.2346333,558c146d84ae6766fdf0edcb,doi
10.1109/tvcg.2019.2934259,5d5e685ded7e9c7926549788,doi
10.1109/tvcg.2009.111,5390a6d920f70186a0e87da8,doi
10.1109/visual.1991.175820,5390958a20f70186a0def6cd,doi
10.1109/vast.2008.4677356,558b0bfae4b037c0875ab4d6,doi
10.1109/tvcg.2015.2467732,5687de3d0cf2afdcd165fa6c,doi
10.1109/tvcg.2016.2598471,58437713ac44360f1082cbb1,doi
10.1109/tvcg.2018.2865018,5c0f890cda562944ac9859d3,doi
10.1109/tvcg.2020.3030400,5f8ac8199fced0a24b6cf34f,doi
10.1109/visual.1997.663922,539087e620f70186a0d675a1,doi
10.1109/visual.1993.398855,5390958a20f70186a0def76d,doi
10.1109/tvcg.2009.108,5390a6d920f70186a0e87db2,doi
10.1109/tvcg.2011.217,5390b20120f70186a0ee507a,doi
10.1109/tvcg.2019.2934657,5d63ae47ed7e9c7926557db7,doi
10.1109/tvcg.2019.2934803,5d72328347c8f76646cd8e98,doi
10.1109/visual.1996.568122,539087dd20f70186a0d62a43,doi
10.1109/visual.1995.485142,53908bcc20f70186a0dc6ccf,doi
10.1109/visual.1992.235176,5390958a20f70186a0def719,doi
10.1109/tvcg.2009.203,5390a6d920f70186a0e87d87,doi
10.1109/tvcg.2013.198,5390be6620f70186a0f4bbb8,doi
10.1109/tvcg.2015.2468091,563b69d10cf20b987890bc7d,doi
10.1109/tvcg.2024.3456375,66df86f001d2a3fbfcc684e1,doi
10.1109/tvcg.2016.2599378,58437713ac44360f1082cbe7,doi
10.1109/visual.2004.13,5390979920f70186a0e0052a,doi
10.1109/tvcg.2006.160,53909a9320f70186a0e21acb,doi
10.1109/tvcg.2023.3327387,64d1bde83fda6d7f06ec3bac,doi
10.1109/tvcg.2023.3327181,6531e2ca939a5f4082f5d40f,doi
10.1109/infvis.2002.1173141,53908b4920f70186a0dbc863,doi
10.1109/vast.2011.6102451,53e9a79eb7602d97030d9a9d,doi
10.1109/tvcg.2018.2865144,5c0f890cda562944ac9859ea,doi
10.1109/tvcg.2022.3209354,62f5c4fe90e50fcafde9c72d,doi
10.1109/tvcg.2010.217,5390ada620f70186a0ec24ba,doi
10.1109/tvcg.2014.2346418,55503f9145ce0a409eb2ecab,doi
10.1109/tvcg.2020.3030472,5f60976091e011380587019d,doi
10.1109/visual.1997.663907,539087e620f70186a0d67592,doi
10.1109/tvcg.2011.197,5390b20120f70186a0ee5078,doi
10.1109/tvcg.2017.2744184,59ae0cda0cf284510fa8b428,doi
10.1109/tvcg.2019.2934788,5d2c4f703a55acc7ae183d16,doi
10.1109/tvcg.2023.3327369,64ed716d3fda6d7f0658aadb,doi
10.1109/tvcg.2016.2598867,58437713ac44360f1082cc19,doi
10.1109/tvcg.2020.3028953,5f80365d9fced0a24b9afe70,doi
10.1109/tvcg.2011.173,5390b20120f70186a0ee5083,doi
10.1109/visual.1992.235231,53e9b029b7602d9703a86a13,doi
10.1109/tvcg.2023.3326568,64ed71513fda6d7f06589bca,doi
10.1109/visual.1995.480793,53908bcc20f70186a0dc6cbf,doi
10.1109/tvcg.2024.3456372,6699cc7c01d2a3fbfcc2c674,doi
10.1109/tvcg.2008.174,5390a28020f70186a0e62b9a,doi
10.1109/tvcg.2015.2467411,5687ddb50cf2afdcd165fa16,doi
10.1109/tvcg.2009.148,5390a6d920f70186a0e87dc4,doi
10.1109/tvcg.2011.250,5390b20120f70186a0ee5047,doi
10.1109/tvcg.2019.2934257,5d528a6c10066d67516b1aaf,doi
10.1109/tvcg.2019.2934289,5d5e685ded7e9c7926549795,doi
10.1109/tvcg.2010.133,5390ada620f70186a0ec2488,doi
10.1109/visual.1997.663855,539087e620f70186a0d67539,doi
10.1109/infvis.1995.528687,539089bb20f70186a0d9912a,title
10.1109/vast.2007.4389022,5390a45620f70186a0e733ed,doi
10.1109/infvis.2003.1249015,5390aeba20f70186a0ecaff7,doi
10.1109/tvcg.2012.232,53e9a439b7602d9702d56b65,doi
10.1109/tvcg.2015.2467051,5687e51b0cf2afdcd165fe82,doi
10.1109/vast.2015.7347676,573697316e3b12023e6214d3,doi
10.1109/vast.2018.8802415,5c04967517c44a2c747090f9,doi
10.1109/tvcg.2023.3327185,65472ee2939a5f408243d374,doi
10.1109/tvcg.2024.3456383,66e3781101d2a3fbfc363dab,doi
10.1109/infvis.2002.1173161,53908cde20f70186a0dcd8d4,doi
10.1109/tvcg.2008.163,5390a28020f70186a0e62bc4,doi
10.1109/vast.2012.6400485,5390bae520f70186a0f3b19d,doi
10.1109/tvcg.2012.279,53e9baa7b7602d97046d6b8d,doi
10.1109/tvcg.2016.2598460,58437713ac44360f1082cc06,doi
10.1109/tvcg.2023.3326590,64ec1b7e3fda6d7f062701e3,doi
10.1109/tvcg.2023.3326572,65472ee2939a5f408243d36a,doi
10.1109/vast.2010.5651676,558c9040e4b02b9f07a7d297,doi
10.1109/tvcg.2017.2745298,59ae0cda0cf284510fa8b3ef,doi
10.1109/visual.1994.346300,5390958a20f70186a0defab2,doi
10.1109/tvcg.2010.185,5390ada620f70186a0ec24b8,doi
10.1109/vast.2008.4677385,558b0c00e4b037c0875ab4f2,doi
10.1109/tvcg.2017.2744339,59ae0cda0cf284510fa8b41a,doi
10.1109/tvcg.2024.3456339,66e226cb01d2a3fbfc6a69b1,doi
10.1109/vast.2007.4389038,5390a45620f70186a0e733fb,doi
10.1109/tvcg.2015.2467452,563b69d10cf20b987890bc9c,doi
10.1109/tvcg.2016.2599214,58437713ac44360f1082cc20,doi
10.1109/tvcg.2018.2865020,5c0f890cda562944ac9859d4,doi
10.1109/vast.2017.8585733,5c38b5583a55acc9e54e2245,doi
10.1109/visual.1995.480801,53e9ad8db7602d970378568d,doi
10.1109/vast.2006.261421,558acdace4b0b32fcb38f4b3,doi
10.1109/tvcg.2020.3030399,5f4e288291e011084df59dd4,doi
10.1109/tvcg.2024.3456395,6615f2ab13fb2c6cf6dc763a,doi
10.1109/tvcg.2024.3456332,66b96bb301d2a3fbfcb6494c,doi
10.1109/visual.2004.110,5390979920f70186a0e00537,doi
10.1109/vast.2009.5333474,53e9a594b7602d9702ebdbac,doi
10.1109/tvcg.2018.2864500,5bdc31b817c44a1f58a0c68c,doi
10.1109/visual.1993.398870,539087f320f70186a0d6ebe6,doi
10.1109/tvcg.2007.70515,53909f8c20f70186a0e3f784,doi
10.1109/tvcg.2011.220,5390b20120f70186a0ee5079,doi
10.1109/tvcg.2014.2346291,55503f9045ce0a409eb2ec2d,doi
10.1109/tvcg.2017.2745139,59ae0cda0cf284510fa8b3fc,doi
10.1109/vast.2015.7347679,573697316e3b12023e621577,title
10.1109/tvcg.2016.2598541,58437713ac44360f1082cc2e,doi
10.1109/visual.2004.7,5390979920f70186a0e00541,doi
10.1109/infvis.2004.72,5390979920f70186a0e010eb,doi
10.1109/tvcg.2014.2346412,55503f9145ce0a409eb2ec94,doi
10.1109/tvcg.2014.2346422,557c8a8a6feeaa8086da1219,doi
10.1109/tvcg.2006.192,53909a9320f70186a0e21acc,doi
10.1109/tvcg.2014.2346371,557c598bf66765fbb46b0398,doi
10.1109/vast.2015.7347625,573697316e3b12023e62166b,doi
10.1109/tvcg.2016.2598496,58437713ac44360f1082cc07,doi
10.1109/tvcg.2016.2598789,58437713ac44360f1082cc29,doi
10.1109/tvcg.2021.3114959,6125b69b5244ab9dcb41ce46,doi
10.1109/tvcg.2008.155,5390a28020f70186a0e62bbc,doi
10.1109/vast.2009.5333893,53e9aeebb7602d970391934f,doi
10.1109/tvcg.2018.2864912,5c0f890cda562944ac9859d1,doi
10.1109/tvcg.2024.3456300,661f2cf013fb2c6cf6b17900,doi
10.1109/visual.1996.568133,539087dd20f70186a0d62a62,doi
10.1109/tvcg.2017.2744159,59ae0cda0cf284510fa8b429,doi
10.1109/tvcg.2010.147,5390ada620f70186a0ec2482,doi
10.1109/tvcg.2011.194,5390b20120f70186a0ee5091,doi
10.1109/tvcg.2021.3114846,611222dc5244ab9dcb1d910e,doi
10.1109/tvcg.2024.3456167,66c13c3101d2a3fbfc2fd503,doi
10.1109/tvcg.2009.151,5390a6d920f70186a0e87db0,doi
10.1109/visual.2001.964547,53e9a7ddb7602d970311b498,doi
10.1109/tvcg.2023.3326944,6539ff5c939a5f40823b050e,doi
10.1109/infvis.2005.1532144,5390990f20f70186a0e1003c,doi
10.1109/visual.2003.1250430,64e93e4f3fda6d7f0686db95,doi
10.1109/tvcg.2010.146,5390ada620f70186a0ec24d2,doi
10.1109/tvcg.2013.140,5390be6620f70186a0f4bbbc,doi
10.1109/vast.2011.6102459,53e9a734b7602d9703069f6c,doi
10.1109/tvcg.2014.2346437,55503f9145ce0a409eb2ec8a,doi
10.1109/tvcg.2020.3030375,5f61e7ca91e011fae8fd6afc,doi
10.1109/visual.1999.809909,539087f820f70186a0d72a72,doi
10.1109/infvis.2004.37,5390979920f70186a0e010ed,doi
10.1109/tvcg.2017.2744878,59ae0cda0cf284510fa8b406,doi
10.1109/visual.1995.485140,53908bcc20f70186a0dc6ccb,doi
10.1109/visual.1992.235174,5390958a20f70186a0def71b,doi
10.1109/infvis.2005.1532135,5390990f20f70186a0e10034,doi
10.1109/tvcg.2012.190,558b657284ae84d265c32489,doi
10.1109/tvcg.2018.2864846,5c0f8a0ada562944ac9a519f,doi
10.1109/tvcg.2020.3030446,5f4cce3a91e011f58d89ac75,doi
10.1109/visual.1990.146362,5390958a20f70186a0def66b,doi
10.1109/tvcg.2014.2346755,55503f9145ce0a409eb2eca3,doi
10.1109/tvcg.2020.3030436,5f56030f91e011c84a4759b6,doi
10.1109/tvcg.2020.3030428,5f57501191e011f4c3d5da62,doi
10.1109/visual.1990.146382,5390958a20f70186a0def67f,doi
10.1109/tvcg.2018.2865151,5c0f890cda562944ac9859ec,doi
10.1109/tvcg.2020.3029412,5f29261591e011376d9c5c7a,doi
10.1109/visual.2001.964525,539089ab20f70186a0d96aab,doi
10.1109/tvcg.2013.189,5390be6620f70186a0f4bc00,doi
10.1109/vast.2010.5652484,558be20884ae6766fdefc9bf,doi
10.1109/tvcg.2022.3209436,63357b8490e50fcafd1c2c8a,doi
10.1109/tvcg.2007.70567,53909f8c20f70186a0e3f7a2,doi
10.1109/tvcg.2011.215,5390b20120f70186a0ee5039,doi
10.1109/tvcg.2014.2346747,55503f9145ce0a409eb2eca6,doi
10.1109/tvcg.2015.2467432,563b69d10cf20b987890bc85,doi
10.1109/tvcg.2020.3030443,5f575be291e011f4c3d5dbd1,doi
10.1109/tvcg.2010.155,5390ada620f70186a0ec2492,doi
10.1109/tvcg.2015.2467413,563b69d10cf20b987890bc86,doi
10.1109/vast50239.2020.00010,5f2929c491e011376d9c5cd7,doi
10.1109/visual.1992.235196,5390958a20f70186a0def705,doi
10.1109/visual.1994.346341,5390958a20f70186a0defa89,doi
10.1109/tvcg.2011.181,5390b20120f70186a0ee5075,doi
10.1109/tvcg.2015.2467441,563b69d10cf20b987890bc90,doi
10.1109/visual.2000.885696,5390881220f70186a0d7e17c,doi
10.1109/infvis.1999.801866,53908cde20f70186a0dcd897,doi
10.1109/visual.1993.398872,5390958a20f70186a0def77e,doi
10.1109/tvcg.2012.215,53e99a14b7602d97022674ff,doi
10.1109/tvcg.2021.3114858,612d9dd25244ab9dcbdfb1d9,doi
10.1109/tvcg.2022.3209367,62d8c4555aee126c0f7628e3,doi
10.1109/tvcg.2022.3209461,6334267f90e50fcafd6a49f0,doi
10.1109/vast.2014.7042493,557c627d6feeaa8086d9c581,doi
10.1109/tvcg.2017.2744358,59ae0cda0cf284510fa8b419,doi
10.1109/tvcg.2023.3326908,64f00ff43fda6d7f06ececc4,doi
10.1109/visual.2004.9,5390979920f70186a0e00590,doi
10.1109/tvcg.2012.264,53e99b6ab7602d9702411457,doi
10.1109/vast.2009.5334300,53e9a9b7b7602d97033124dc,doi
10.1109/visual.1990.146397,5390958a20f70186a0def68e,doi
10.1109/visual.2004.79,5390979920f70186a0e0056d,doi
10.1109/tvcg.2007.70621,53909f8c20f70186a0e3f77c,doi
10.1109/tvcg.2010.127,5390ada620f70186a0ec24cc,doi
10.1109/visual.2001.964498,539089ab20f70186a0d96a90,doi
10.1109/visual.2001.964543,539089ab20f70186a0d96abc,doi
10.1109/vast.2006.261437,53e9a667b7602d9702f98665,doi
10.1109/tvcg.2012.273,53e9ac05b7602d97035c5463,doi
10.1109/visual.1993.398852,53e9bb7ab7602d97047bcd1a,doi
10.1109/tvcg.2017.2744059,59ae0cda0cf284510fa8b432,doi
10.1109/tvcg.2024.3456404,660e097513fb2c6cf6ab34b1,doi
10.1109/visual.1999.809890,539087f820f70186a0d72a42,doi
10.1109/tvcg.2007.70597,53909f8c20f70186a0e3f762,doi
10.1109/visual.2004.112,5390979920f70186a0e00538,doi
10.1109/tvcg.2007.70610,53909f8c20f70186a0e3f7ac,doi
10.1109/tvcg.2017.2745080,59ae0cda0cf284510fa8b402,doi
10.1109/tvcg.2021.3114786,615d7dcb5244ab9dcb92cffa,doi
10.1109/visual.1999.809868,539087f820f70186a0d72a2d,doi
10.1109/tvcg.2012.272,53e9b483b7602d9703f8a4a7,doi
10.1109/tvcg.2016.2598608,58437713ac44360f1082cc31,doi
10.1109/tvcg.2020.3030406,5f575f5b91e011f4c3d5dc39,doi
10.1109/tvcg.2021.3114760,60f780d95244ab9dcb39eb92,doi
10.1109/tvcg.2023.3327198,64d4658d3fda6d7f0689097b,doi
10.1109/visual.2002.1183820,539089ab20f70186a0d96b6e,doi
10.1109/tvcg.2006.157,53909a9320f70186a0e21a8c,doi
10.1109/tvcg.2006.126,53909a9320f70186a0e21a9c,doi
10.1109/vast.2009.5332481,53e9ae6fb7602d970388a733,doi
10.1109/tvcg.2018.2864907,5c0f890cda562944ac9859ce,doi
10.1109/tvcg.2018.2865051,5c0f890cda562944ac9859e2,doi
10.1109/tvcg.2007.70599,53909f8c20f70186a0e3f75a,doi
10.1109/tvcg.2016.2598876,58437713ac44360f1082cbd1,doi
10.1109/visual.1995.480817,53908bcc20f70186a0dc6ce7,doi
10.1109/visual.1990.146391,5390958a20f70186a0def688,doi
10.1109/tvcg.2008.126,5390a28020f70186a0e62b8f,doi
10.1109/tvcg.2013.225,5390be6620f70186a0f4bbd8,doi
10.1109/tvcg.2007.70615,53e9a4c0b7602d9702ddef3b,doi
10.1109/tvcg.2023.3326603,64dafb293fda6d7f064e2a5b,doi
10.1109/visual.1995.485154,558a3a29e4b0b32fcb3590f5,doi
10.1109/tvcg.2015.2467291,563b69d10cf20b987890bc7e,doi
10.1109/visual.2002.1183797,539089ab20f70186a0d96b57,doi
10.1109/tvcg.2010.213,5390ada620f70186a0ec24d0,doi
10.1109/tvcg.2019.2934431,5d3ed2653a55ac61d99857e0,doi
10.1109/tvcg.2006.139,53909a9320f70186a0e21ac1,doi
10.1109/tvcg.2010.153,5390ada620f70186a0ec247e,doi
10.1109/tvcg.2007.70600,53909f8c20f70186a0e3f798,doi
10.1109/tvcg.2009.202,5390a6d920f70186a0e87dce,doi
10.1109/tvcg.2016.2598866,58437713ac44360f1082cbf2,doi
10.1109/tvcg.2023.3326599,64d465973fda6d7f06891495,doi
10.1109/visual.2004.121,5390979920f70186a0e00556,doi
10.1109/tvcg.2023.3326589,64d30f2d3fda6d7f06f6c30b,doi
10.1109/visual.2003.1250421,539098b820f70186a0e0a701,doi
10.1109/vast.2008.4677365,5390a5dc20f70186a0e7eb93,title
10.1109/tvcg.2016.2598829,58437713ac44360f1082cbd9,doi
10.1109/tvcg.2023.3327161,64bf48f93fda6d7f062748dc,doi
10.1109/infvis.2005.1532150,5390990f20f70186a0e10042,title
10.1109/vast.2012.6400494,5390bae520f70186a0f3b1a6,doi
10.1109/visual.1994.346291,539089bb20f70186a0d98eea,title
10.1109/infvis.2004.22,5390979920f70186a0e010f1,doi
10.1109/tvcg.2015.2468078,563b69d20cf20b987890bcba,doi
10.1109/tvcg.2016.2598430,58437713ac44360f1082cbf5,doi
10.1109/visual.2004.58,5390979920f70186a0e00551,doi
10.1109/tvcg.2014.2346454,55503f9145ce0a409eb2ec65,doi
10.1109/vast.2018.8802454,5bbacbad17c44aecc4eb0096,doi
10.1109/tvcg.2014.2346311,557c700508b02739a5ca71c7,doi
10.1109/visual.1993.398876,599c7eff601a182cd28e1286,doi
10.1109/tvcg.2020.3030334,5f900b399fced0a24b2ca9fd,doi
10.1109/tvcg.2023.3326598,64dc49903fda6d7f06389ceb,doi
10.1109/tvcg.2023.3327359,64ed71513fda6d7f06589bfa,doi
10.1109/visual.2002.1183786,539089ab20f70186a0d96b4c,doi
10.1109/tvcg.2014.2346677,55503f8f45ce0a409eb2ebdc,doi
10.1109/tvcg.2015.2467331,563b69d10cf20b987890bc7b,doi
10.1109/tvcg.2013.234,5390be6620f70186a0f4bbbd,doi
10.1109/tvcg.2016.2599016,58437713ac44360f1082cc2a,doi
10.1109/tvcg.2024.3456311,66bd652001d2a3fbfc1f3a4c,doi
10.1109/visual.1999.809919,539087f820f70186a0d72a7c,doi
10.1109/visual.2002.1183813,539089ab20f70186a0d96b67,doi
10.1109/tvcg.2011.184,5390b20120f70186a0ee503a,doi
10.1109/tvcg.2012.282,53e9acdbb7602d97036bb379,doi
10.1109/tvcg.2012.275,53e9b408b7602d9703efab0b,doi
10.1109/tvcg.2021.3114853,614bf07f5244ab9dcbc5d73e,doi
10.1109/infvis.2002.1173160,53908cde20f70186a0dcd8d6,doi
10.1109/tvcg.2010.181,5390ada620f70186a0ec2487,doi
10.1109/tvcg.2022.3209479,62fc5c7b90e50fcafdbca8c4,doi
10.1109/visual.1995.480806,53908bcc20f70186a0dc6cdb,doi
10.1109/tvcg.2008.114,5390a28020f70186a0e62ba5,doi
10.1109/tvcg.2020.3030396,5f3bb54891e0110589e89be4,doi
10.1109/visual.2004.10,5390979920f70186a0e00576,doi
10.1109/vast.2012.6400548,5390bae520f70186a0f3b1c3,doi
10.1109/vast.2010.5653822,558be234e4b02b9f07a3d04f,doi
10.1109/tvcg.2024.3456358,66b96bb301d2a3fbfcb647eb,doi
10.1109/visual.2004.67,5390979920f70186a0e0057b,doi
10.1109/tvcg.2008.184,5390a28020f70186a0e62bcd,doi
10.1109/tvcg.2011.166,5390b20120f70186a0ee507f,doi
10.1109/vast.2017.8585487,5c38b5583a55acc9e54e223d,doi
10.1109/tvcg.2023.3327402,64ba03413fda6d7f062732d1,doi
10.1109/visual.1994.346321,5390958a20f70186a0defa9d,doi
10.1109/tvcg.2009.204,5390a6d920f70186a0e87d8f,doi
10.1109/tvcg.2012.283,53e99915b7602d970214de14,doi
10.1109/tvcg.2017.2744758,5a4aef9e17c44a2190f7acdc,doi
10.1109/tvcg.2018.2864845,5c0f88edda562944ac981691,doi
10.1109/visual.1997.663883,539087e620f70186a0d67562,doi
10.1109/visual.1993.398854,5390958a20f70186a0def76c,doi
10.1109/vast.2010.5652879,53e9b699b7602d970420e818,doi
10.1109/scivis.2015.7429488,573698876e3b12023e746193,doi
10.1109/tvcg.2024.3456216,66e0d5b601d2a3fbfc92bd15,doi
10.1109/vast.2015.7347627,573697316e3b12023e62156d,doi
10.1109/visual.2000.885686,5390881220f70186a0d7e170,doi
10.1109/vast.2007.4389011,5390a0b720f70186a0e4f6a2,doi
10.1109/tvcg.2008.124,5390a28020f70186a0e62bcb,doi
10.1109/tvcg.2014.2346449,557c46076feeaa8086d979eb,doi
10.1109/vast.2010.5654445,558be27ee4b0cfb70a1a634e,doi
10.1109/visual.1991.175838,5390958a20f70186a0def6dd,doi
10.1109/infvis.2003.1249018,5390aeba20f70186a0ecaffa,doi
10.1109/tvcg.2020.3030427,5f44e33f91e011872f85ed4b,doi
10.1109/tvcg.2022.3209481,63357b8490e50fcafd1c2c69,doi
10.1109/tvcg.2019.2934802,5cbee638e1cd8ebd2b5e726b,doi
10.1109/tvcg.2015.2468111,563b69d20cf20b987890bcb9,doi
10.1109/tvcg.2023.3327356,654b2337939a5f4082efdcdd,doi
10.1109/tvcg.2024.3456365,66e0d5a801d2a3fbfc92a455,doi
10.1109/tvcg.2011.176,5390b20120f70186a0ee5051,doi
10.1109/visual.1990.146418,53e9b381b7602d9703e63012,doi
10.1109/tvcg.2020.3030361,5eafe7e091e01198d39865ae,doi
10.1109/tvcg.2023.3327187,64c9d51e3fda6d7f0637c9d2,doi
10.1109/visual.1996.567774,539087dd20f70186a0d62847,doi
10.1109/tvcg.2008.162,5390a28020f70186a0e62bc2,doi
10.1109/infvis.2003.1249010,5390aeba20f70186a0ecaff2,doi
10.1109/tvcg.2017.2744278,59ae0cda0cf284510fa8b422,doi
10.1109/tvcg.2020.3028958,5f61ebf191e011fae8fd6b80,doi
10.1109/tvcg.2021.3115565,615837ed5244ab9dcb3c8cde,doi
10.1109/visual.1996.567595,539087dd20f70186a0d6282b,doi
10.1109/infvis.2004.5,5390979920f70186a0e010bb,doi
10.1109/vast.2007.4470207,5390a45620f70186a0e733eb,doi
10.1109/vast.2006.261425,53e99984b7602d97021c48e0,doi
10.1109/tvcg.2012.199,53e9a751b7602d9703089f1b,doi
10.1109/tvcg.2024.3456350,66bc138b01d2a3fbfc59797b,doi
10.1109/tvcg.2020.3030382,5f27da2d91e0116d6719f864,doi
10.1109/visual.1994.346340,5390958a20f70186a0defa8a,doi
10.1109/tvcg.2010.194,5390ada620f70186a0ec24c5,doi
10.1109/tvcg.2021.3114818,610393e35244ab9dcb86281a,doi
10.1109/visual.2002.1183778,539089ab20f70186a0d96b44,doi
10.1109/visual.2004.99,5390979920f70186a0e0054c,doi
10.1109/vast.2011.6102467,53e9a995b7602d97032f3a71,doi
10.1109/visual.1992.235223,5390958a20f70186a0def6ea,doi
10.1109/vast.2012.6400541,5390bae520f70186a0f3b1bc,doi
10.1109/infvis.2003.1249032,53e99a04b7602d9702253f5b,doi
10.1109/tvcg.2017.2744438,59ae0cda0cf284510fa8b414,doi
10.1109/vast50239.2020.00012,60377c2c91e01137f314de15,doi
10.1109/tvcg.2009.172,5390a6d920f70186a0e87dde,doi
10.1109/infvis.1995.528685,539089bb20f70186a0d9885e,title
10.1109/infvis.1997.636787,53908cde20f70186a0dcd886,doi
10.1109/infvis.2002.1173144,53908cde20f70186a0dcd8e2,doi
10.1109/tvcg.2024.3456186,65b695ec939a5f40825cca2d,doi
10.1109/visual.1990.146371,53e99ac4b7602d9702341093,doi
10.1109/tvcg.2017.2745859,59ae0cda0cf284510fa8b3ed,doi
10.1109/visual.2003.1250384,539098b820f70186a0e0a6dc,doi
10.1109/tvcg.2016.2598545,58437713ac44360f1082cc1c,doi
10.1109/tvcg.2020.3030447,5f3cf65391e011c89f2f1742,doi
10.1109/tvcg.2020.3028976,5f61e69c91e011fae8fd6ad2,doi
10.1109/tvcg.2020.3030346,5f900b399fced0a24b2caa7d,doi
10.1109/tvcg.2013.126,5390be6620f70186a0f4bb9b,doi
10.1109/tvcg.2017.2745258,59ae0cda0cf284510fa8b3f3,doi
10.1109/tvcg.2017.2744080,59ae0cda0cf284510fa8b42f,doi
10.1109/tvcg.2021.3114819,61494d445244ab9dcbed343c,doi
10.1109/visual.2002.1183765,539089ab20f70186a0d96b37,doi
10.1109/visual.2002.1183792,539089ab20f70186a0d96b52,title
10.1109/visual.1998.745309,558a8716e4b0b32fcb375877,doi
10.1109/tvcg.2017.2744685,59ae0cda0cf284510fa8b40d,doi
10.1109/tvcg.2017.2744018,59ae0cdb0cf284510fa8b436,doi
10.1109/tvcg.2007.70578,53909f8c20f70186a0e3f76f,doi
10.1109/tvcg.2010.209,5390ada620f70186a0ec24a6,doi
10.1109/visual.1991.175772,53e998bfb7602d97020fa059,doi
10.1109/tvcg.2015.2467132,5687e79a0cf2afdcd166000d,doi
10.1109/tvcg.2018.2864815,5c0f88edda562944ac981684,doi
10.1109/tvcg.2020.3030452,5f8ac8099fced0a24b6cee88,doi
10.1109/visual.1993.398869,5390958a20f70186a0def77b,doi
10.1109/tvcg.2006.110,53909a9320f70186a0e21a9f,doi
10.1109/tvcg.2007.70517,53909f8c20f70186a0e3f770,doi
10.1109/visual.2001.964512,53e9bd2bb7602d97049bacec,doi
10.1109/tvcg.2023.3326513,64337e3190e50fcafd76ef16,doi
10.1109/tvcg.2024.3456324,66a05f7701d2a3fbfcaf6dce,doi
10.1109/tvcg.2006.200,53909a9320f70186a0e21a90,doi
10.1109/tvcg.2010.160,5390ada620f70186a0ec248f,doi
10.1109/visual.1998.745355,53e9a27ab7602d9702b7fc08,title
10.1109/vast.2010.5652885,53e9b421b7602d9703f167f3,doi
10.1109/tvcg.2021.3114766,6156e6665244ab9dcb55007a,doi
10.1109/visual.1998.745286,539087eb20f70186a0d6c099,doi
10.1109/visual.1993.398881,5390958a20f70186a0def787,doi
10.1109/tvcg.2012.202,53e9a58bb7602d9702eb1c8d,doi
10.1109/tvcg.2022.3209413,62e1fea85aee126c0f700e81,doi
10.1109/infvis.2003.1249009,5390aeba20f70186a0ecaff1,doi
10.1109/vast.2009.5333878,53e99e5bb7602d970271da26,doi
10.1109/vast.2014.7042487,558c33e5e4b0cfb70a1c3bd9,doi
10.1109/vast.2015.7347624,573697316e3b12023e62159b,doi
10.1109/visual.2004.102,5390979920f70186a0e0055a,doi
10.1109/tvcg.2020.3030465,5f4f67f591e0111f07b30951,doi
10.1109/tvcg.2022.3209392,62f1d07190e50fcafd889f22,doi
10.1109/tvcg.2024.3456200,66e0d5a401d2a3fbfc92a10f,doi
10.1109/visual.2001.964499,539089ab20f70186a0d96a91,doi
10.1109/vast.2006.261435,53e9a272b7602d9702b7c601,doi
10.1109/tvcg.2022.3209450,63357b8490e50fcafd1c2c73,doi
10.1109/visual.1999.809931,539087f820f70186a0d72a87,doi
10.1109/tvcg.2008.121,5390a28020f70186a0e62ba8,doi
10.1109/tvcg.2011.193,5390b20120f70186a0ee5066,doi
10.1109/tvcg.2021.3114783,611232dc5244ab9dcb2ccff0,doi
10.1109/vast.2011.6102480,53e9a806b7602d97031451d1,doi
10.1109/vast.2009.5332611,53e9a8b0b7602d97031fcbee,doi
10.1109/vast.2009.5333248,558b5f90e4b031bae1fd08c5,doi
10.1109/tvcg.2017.2743998,59ae0cdb0cf284510fa8b437,doi
10.1109/tvcg.2023.3326929,64bf48f93fda6d7f0627477c,doi
10.1109/visual.1993.398893,5390958a20f70186a0def793,doi
10.1109/tvcg.2019.2934659,5ca72750e1cd8e30c39ca48f,doi
10.1109/vast47406.2019.8986922,5d40183f3a55ac91db22ae31,doi
10.1109/visual.1992.235212,5390958a20f70186a0def6f5,doi
10.1109/visual.2003.1250378,539098b820f70186a0e0a6d6,doi
10.1109/tvcg.2011.168,5390b20120f70186a0ee504d,doi
10.1109/tvcg.2017.2744738,59ae0cda0cf284510fa8b40a,doi
10.1109/tvcg.2024.3456352,66a99bf201d2a3fbfc1d456d,doi
10.1109/visual.2000.885684,5390881220f70186a0d7e16c,doi
10.1109/visual.2001.964538,539089ab20f70186a0d96ab7,doi
10.1109/tvcg.2012.220,53e9a720b7602d9703054869,doi
10.1109/tvcg.2017.2744419,59ae0cda0cf284510fa8b415,doi
10.1109/tvcg.2018.2864852,5c0f890cda562944ac9859c4,doi
10.1109/tvcg.2010.202,5390ada620f70186a0ec24a2,doi
10.1109/tvcg.2015.2467592,563b69d20cf20b987890bcac,doi
10.1109/visual.2001.964493,539089ab20f70186a0d96a8b,doi
10.1109/visual.1991.175784,5390958a20f70186a0def6b0,doi
10.1109/tvcg.2014.2346459,55503f9145ce0a409eb2ecb7,doi
10.1109/tvcg.2010.221,5390ada620f70186a0ec2485,doi
10.1109/visual.1995.480819,53908bcc20f70186a0dc6ce5,doi
10.1109/infvis.2005.1532152,5390990f20f70186a0e10044,doi
10.1109/tvcg.2009.185,5390a6d920f70186a0e87dae,doi
10.1109/tvcg.2016.2598544,57d2c0f90cf28629831fe4bb,doi
10.1109/vast.2017.8585658,5c38b5583a55acc9e54e2247,doi
10.1109/tvcg.2020.3030470,5f57637491e011f4c3d5dca4,doi
10.1109/infvis.1995.528692,53908cde20f70186a0dcd855,doi
10.1109/visual.2005.1532822,5390a25820f70186a0e5f180,title
10.1109/tvcg.2013.233,5390be6620f70186a0f4bbcd,doi
10.1109/tvcg.2015.2468292,563b69d20cf20b987890bcb8,doi
10.1109/infvis.1998.729566,53908af920f70186a0db073e,doi
10.1109/infvis.2005.1532126,5390990f20f70186a0e1002b,doi
10.1109/tvcg.2008.132,5390a28020f70186a0e62b91,doi
10.1109/vast.2011.6102448,53e9ab82b7602d970352dcb9,doi
10.1109/infvis.1997.636718,53e9aecbb7602d97038f1c06,doi
10.1109/tvcg.2020.3030355,5eb9222f91e0118cfef9824b,doi
10.1109/tvcg.2016.2598796,58437713ac44360f1082cc30,doi
10.1109/tvcg.2007.70588,53909f8c20f70186a0e3f76d,doi
10.1109/vast.2007.4389012,5390a0b720f70186a0e4f6a1,doi
10.1109/tvcg.2009.114,5390a6d920f70186a0e87dd6,doi
10.1109/tvcg.2011.174,5390b20120f70186a0ee505b,doi
10.1109/tvcg.2008.152,5390a28020f70186a0e62bb0,doi
10.1109/tvcg.2010.172,5390ada620f70186a0ec2489,doi
10.1109/visual.1990.146359,5390958a20f70186a0def668,doi
10.1109/visual.1994.346301,5390958a20f70186a0defab1,doi
10.1109/tvcg.2021.3114841,615837ee5244ab9dcb3c8e64,doi
10.1109/visual.1998.745303,539087eb20f70186a0d6c0b1,doi
10.1109/infvis.2004.38,5390979920f70186a0e010f6,doi
10.1109/vast.2018.8802486,5c757df8f56def9798b400da,doi
10.1109/tvcg.2023.3326940,64b60eaa3fda6d7f06eaecc4,doi
10.1109/tvcg.2023.3326596,6538ade6939a5f4082b0b4ec,doi
10.1109/visual.2002.1183823,539089ab20f70186a0d96b71,doi
10.1109/visual.1990.146373,5390958a20f70186a0def676,doi
10.1109/tvcg.2008.169,5390a28020f70186a0e62bc0,doi
10.1109/vast.2008.4677378,53e9a281b7602d9702b89a8a,doi
10.1109/infvis.1995.528695,53e9a011b7602d97028f4f90,doi
10.1109/tvcg.2023.3327189,653ca290939a5f4082909a7f,doi
10.1109/visual.2000.885722,5390881220f70186a0d7e1a0,doi
10.1109/visual.1993.398850,5390958a20f70186a0def768,doi
10.1109/visual.2003.1250391,539098b820f70186a0e0a6e3,doi
10.1109/tvcg.2007.70516,53909f8c20f70186a0e3f76e,doi
10.1109/tvcg.2011.192,5390b20120f70186a0ee5088,doi
10.1109/vast.2010.5649905,558be12ce4b0cfb70a1a5bf8,doi
10.1109/tvcg.2023.3327385,64d1bde83fda6d7f06ec3b43,doi
10.1109/infvis.2004.66,5390979920f70186a0e010d1,doi
10.1109/tvcg.2009.125,5390a6d920f70186a0e87dac,doi
10.1109/tvcg.2013.179,5390be6620f70186a0f4bbcc,doi
10.1109/vast.2015.7347688,573697316e3b12023e6215cf,doi
10.1109/visual.2002.1183802,539089ab20f70186a0d96b5c,doi
10.1109/visual.2002.1183817,539089ab20f70186a0d96b6b,doi
10.1109/visual.1992.235188,5390958a20f70186a0def70d,doi
10.1109/tvcg.2006.118,53909a9320f70186a0e21ab8,doi
10.1109/vast.2008.4677374,558b0c00e4b037c0875ab4ef,doi
10.1109/tvcg.2016.2598602,58437713ac44360f1082cc0a,doi
10.1109/tvcg.2021.3114789,615837da5244ab9dcb3c6b67,doi
10.1109/visual.2002.1183796,539089ab20f70186a0d96b56,doi
10.1109/tvcg.2018.2864889,5c0f8acada562944ac9be676,doi
10.1109/infvis.2004.48,5390979920f70186a0e010f4,doi
10.1109/tvcg.2008.108,5390a28020f70186a0e62b90,doi
10.1109/tvcg.2016.2598619,58437713ac44360f1082cbc3,doi
10.1109/tvcg.2018.2865075,5c0f8928da562944ac9884a5,doi
10.1109/tvcg.2019.2934631,5d3044593a55ac92aa14c759,doi
10.1109/tvcg.2007.70537,53909f8c20f70186a0e3f776,doi
10.1109/tvcg.2012.188,558b656e84ae84d265c32475,doi
10.1109/tvcg.2024.3456181,66e0d5b801d2a3fbfc92c0b0,doi
10.1109/visual.2004.15,5390979920f70186a0e0053f,doi
10.1109/tvcg.2013.133,5390be6620f70186a0f4bbee,doi
10.1109/tvcg.2016.2598472,58437713ac44360f1082cbb9,doi
10.1109/tvcg.2018.2864811,5c0f88edda562944ac981680,doi
10.1109/tvcg.2007.70551,53909f8c20f70186a0e3f759,doi
10.1109/visual.1995.485145,53908bcc20f70186a0dc6ce8,doi
10.1109/vast.2009.5333417,558b5fc3e4b031bae1fd0a21,doi
10.1109/tvcg.2012.194,558b656f84ae84d265c3247d,doi
10.1109/tvcg.2014.2346743,558c147784ae6766fdf0edf7,doi
10.1109/scivis.2015.7429502,573698876e3b12023e746186,doi
10.1109/tvcg.2022.3209465,6338468090e50fcafd448a4c,doi
10.1109/vast.2014.7042483,5550451945ce0a409eb539be,doi
10.1109/tvcg.2015.2467412,563b69d10cf20b987890bc7f,doi
10.1109/tvcg.2011.252,5390b20120f70186a0ee5072,doi
10.1109/vast47406.2019.8986923,5d42bae23a55ac0e3f273717,doi
10.1109/visual.1999.809879,539087f820f70186a0d72a39,doi
10.1109/visual.2001.964497,539089ab20f70186a0d96a8f,doi
10.1109/visual.2001.964509,539089ab20f70186a0d96a9b,doi
10.1109/vast.2007.4388995,5390a0b720f70186a0e4f6a5,doi
10.1109/tvcg.2012.242,53e9a216b7602d9702b18b6a,doi
10.1109/visual.1995.485170,53e9aad2b7602d9703452adc,doi
10.1109/vast.2014.7042491,557c83fff66765fbb46b5a90,doi
10.1109/tvcg.2015.2467613,563b69d20cf20b987890bcb7,doi
10.1109/tvcg.2018.2865231,5c0f890cda562944ac9859f4,doi
10.1109/tvcg.2013.187,5390be6620f70186a0f4bbbf,doi
10.1109/visual.2001.964496,539089ab20f70186a0d96a8e,doi
10.1109/tvcg.2014.2346458,557c82d108b02739a5ca8b8e,doi
10.1109/tvcg.2006.148,53909a9320f70186a0e21ab1,doi
10.1109/tvcg.2008.176,5390a28020f70186a0e62b99,doi
10.1109/infvis.2003.1249001,5390aeba20f70186a0ecafe9,doi
10.1109/tvcg.2014.2346297,558c146d84ae6766fdf0edc9,doi
10.1109/tvcg.2019.2934801,5d86017347c8f76646ee22c2,doi
10.1109/tvcg.2006.122,53909a9320f70186a0e21ad2,doi
10.1109/infvis.2003.1249027,5390aeba20f70186a0ecb003,doi
10.1109/vast.2011.6102476,53e99c5fb7602d970250e3c9,doi
10.1109/tvcg.2023.3326517,64d1bdf93fda6d7f06ec4aab,doi
10.1109/tvcg.2023.3327158,64d4658d3fda6d7f068908a3,doi
10.1109/tvcg.2017.2745978,59ae0cda0cf284510fa8b3e8,doi
10.1109/tvcg.2019.2934332,5d42baea3a55ac0e3f273aa6,doi
10.1109/infvis.2004.67,5390979920f70186a0e010de,doi
10.1109/vast.2007.4389024,5390a45620f70186a0e733ef,doi
10.1109/tvcg.2012.234,53e9a131b7602d9702a24939,doi
10.1109/tvcg.2024.3456378,66bc138b01d2a3fbfc597975,doi
10.1109/visual.1999.809871,53908bcc20f70186a0dc6d4a,doi
10.1109/visual.1991.175785,5390958a20f70186a0def6b1,doi
10.1109/tvcg.2006.111,53909a9320f70186a0e21ab0,doi
10.1109/vast47406.2019.8986917,5d4018463a55ac91db22af7f,doi
10.1109/tvcg.2020.3030383,5eb3dc4191e011ce31f280b9,doi
10.1109/tvcg.2011.164,5390b20120f70186a0ee5037,doi
10.1109/tvcg.2014.2346913,55503f9145ce0a409eb2ec93,doi
10.1109/tvcg.2020.3030398,5f3e450f91e011c0de1c29c5,doi
10.1109/tvcg.2020.3030405,5f4783ae91e011a74604a50e,doi
10.1109/tvcg.2024.3456155,66e0d5b601d2a3fbfc92bdbc,doi
10.1109/visual.1996.568126,539087dd20f70186a0d62a4b,doi
10.1109/visual.1992.235179,5390958a20f70186a0def716,doi
10.1109/visual.1994.346305,53e9a644b7602d9702f70e84,doi
10.1109/tvcg.2021.3114832,6156e6665244ab9dcb54ffe2,doi
10.1109/visual.1993.398853,5390958a20f70186a0def76b,doi
10.1109/vast.2007.4389019,5390a45620f70186a0e733ea,doi
10.1109/vast.2011.6102465,53e9b403b7602d9703ef6223,doi
10.1109/visual.2002.1183821,539089ab20f70186a0d96b6f,doi
10.1109/tvcg.2009.186,5390a6d920f70186a0e87d93,doi
10.1109/tvcg.2010.156,5390ada620f70186a0ec2494,doi
10.1109/tvcg.2010.129,5390ada620f70186a0ec24c1,doi
10.1109/tvcg.2015.2467322,563b69d30cf20b987890bd58,doi
10.1109/tvcg.2016.2598797,58437713ac44360f1082cbd5,doi
10.1109/tvcg.2020.3028948,5eb78919da5629cf2443039c,doi
10.1109/tvcg.2020.3028890,5f4387a991e01165ef974a24,doi
10.1109/visual.1996.568125,539087dd20f70186a0d62a4a,doi
10.1109/tvcg.2006.202,53909a9320f70186a0e21a86,doi
10.1109/vast.2010.5652392,53e9a85cb7602d97031a57b8,doi
10.1109/tvcg.2023.3327361,653b50f3939a5f40823474b5,doi
10.1109/visual.2002.1183811,539089ab20f70186a0d96b65,doi
10.1109/visual.2004.71,5390979920f70186a0e0057d,doi
10.1109/tvcg.2008.181,5390a28020f70186a0e62bbf,doi
10.1109/tvcg.2009.149,5390a6d920f70186a0e87d94,doi
10.1109/tvcg.2023.3327153,648d629fd68f896efad38128,doi
10.1109/visual.1994.346330,5390958a20f70186a0defa94,doi
10.1109/visual.1994.346304,5390958a20f70186a0defaae,doi
10.1109/tvcg.2009.177,5390a6d920f70186a0e87da3,doi
10.1109/vast.2009.5333437,53e99af7b7602d9702381d5a,doi
10.1109/tvcg.2015.2467911,563b69d10cf20b987890bc9d,doi
10.1109/tvcg.2016.2598839,58437713ac44360f1082cbdb,doi
10.1109/tvcg.2020.3030359,5f574eb791e011f4c3d5da40,doi
10.1109/tvcg.2022.3209402,62f3220a90e50fcafd1159eb,doi
10.1109/tvcg.2007.70545,53909f8c20f70186a0e3f7ad,doi
10.1109/tvcg.2013.164,5390be6620f70186a0f4bbaf,doi
10.1109/tvcg.2020.3030414,5f5765a691e011f4c3d5dccb,doi
10.1109/tvcg.2024.3456326,66ea121901d2a3fbfc12db58,doi
10.1109/tvcg.2006.177,53909a9320f70186a0e21a93,doi
10.1109/tvcg.2013.232,5390be6620f70186a0f4bbcf,doi
10.1109/tvcg.2020.3030342,5f3e47f191e011c0de1c2a0c,doi
10.1109/visual.2002.1183784,539089ab20f70186a0d96b4a,doi
10.1109/tvcg.2013.168,5390be6620f70186a0f4bba0,doi
10.1109/tvcg.2014.2346754,55503f9145ce0a409eb2ec7c,doi
10.1109/visual.1991.175780,5390958a20f70186a0def6ad,doi
10.1109/visual.2004.60,5390979920f70186a0e00592,doi
10.1109/tvcg.2020.3030454,5f8821259fced0a24b0d9a19,doi
10.1109/visual.2003.1250375,539098b820f70186a0e0a6d3,doi
10.1109/vast.2007.4388992,5390a0b720f70186a0e4f69f,doi
10.1109/vast.2007.4389010,5390a45620f70186a0e733e2,doi
10.1109/vast.2007.4389021,5390a45620f70186a0e733ec,doi
10.1109/tvcg.2013.228,5390be6620f70186a0f4bbf4,doi
10.1109/tvcg.2020.3028893,5f80365d9fced0a24b9afd60,doi
10.1109/tvcg.2024.3456403,66aafb6a01d2a3fbfcc2c17b,doi
10.1109/infvis.2004.16,5390979920f70186a0e010e8,doi
10.1109/tvcg.2006.112,53909a9320f70186a0e21a9e,doi
10.1109/tvcg.2015.2467758,5687e2ad0cf2afdcd165fd13,doi
10.1109/tvcg.2018.2864508,5c0f88edda562944ac981678,doi
10.1109/tvcg.2023.3327172,653df45e939a5f4082d7c088,doi
10.1109/visual.1992.235222,5390958a20f70186a0def6eb,doi
10.1109/tvcg.2010.214,5390ada620f70186a0ec248d,doi
10.1109/tvcg.2010.184,5390ada620f70186a0ec24b3,doi
10.1109/tvcg.2012.250,53e99c84b7602d970253485f,doi
10.1109/tvcg.2016.2598543,58437713ac44360f1082cbb6,doi
10.1109/tvcg.2020.3030432,5f22971891e0113629960a98,doi
10.1109/tvcg.2008.145,5390a28020f70186a0e62b8c,doi
10.1109/tvcg.2011.243,5390b20120f70186a0ee503c,doi
10.1109/tvcg.2016.2598432,58437713ac44360f1082cc00,doi
10.1109/tvcg.2018.2865264,5c04966a17c44a2c747086d8,doi
10.1109/tvcg.2019.2934796,5d63ae47ed7e9c7926557dc6,doi
10.1109/tvcg.2023.3327378,64dc49903fda6d7f06389ca6,doi
10.1109/tvcg.2015.2467954,563b69d20cf20b987890bcb1,doi
10.1109/tvcg.2024.3456349,66e226ce01d2a3fbfc6a6f12,doi
10.1109/tvcg.2015.2467199,5687dbe50cf2afdcd165f921,doi
10.1109/visual.2003.1250394,539098b820f70186a0e0a6e5,doi
10.1109/tvcg.2006.156,53909a9320f70186a0e21a94,doi
10.1109/vast.2014.7042492,557c7244f66765fbb46b39ef,doi
10.1109/vast.2011.6102481,53e9a1edb7602d9702aecf2e,doi
10.1109/tvcg.2014.2346481,55503f9145ce0a409eb2ec72,doi
10.1109/vast.2010.5652530,558be22184ae6766fdefca57,doi
10.1109/visual.1995.485147,53908bcc20f70186a0dc6cbb,doi
10.1109/tvcg.2021.3114788,6156e6655244ab9dcb54fdd7,doi
10.1109/visual.2002.1183819,539089ab20f70186a0d96b6d,doi
10.1109/infvis.2004.64,5390979920f70186a0e010d0,doi
10.1109/visual.2004.32,5390979920f70186a0e00529,doi
10.1109/tvcg.2007.70554,53909f8c20f70186a0e3f758,doi
10.1109/vast.2010.5649831,53e9a645b7602d9702f72270,doi
10.1109/tvcg.2019.2934799,5d63ae47ed7e9c7926557dc9,doi
10.1109/tvcg.2022.3209379,61b95d305244ab9dcbf1525c,doi
10.1109/visual.1996.568128,539087dd20f70186a0d62a4f,doi
10.1109/visual.2004.50,5390979920f70186a0e00567,doi
10.1109/tvcg.2014.2346574,557c73fb6feeaa8086d9ea13,doi
10.1109/vast50239.2020.00013,5eede0b091e0116a23aafa2e,doi
10.1109/tvcg.2008.127,5390a28020f70186a0e62ba9,doi
10.1109/tvcg.2011.248,5390b20120f70186a0ee507b,doi
10.1109/tvcg.2015.2467615,5687de5a0cf2afdcd165fa7c,doi
10.1109/vast.2011.6102473,53e9ae04b7602d970380fd5a,doi
10.1109/tvcg.2016.2598790,58437713ac44360f1082cbbe,doi
10.1109/visual.1999.809873,539087f820f70186a0d72a33,doi
10.1109/tvcg.2007.70574,53909f8c20f70186a0e3f77e,doi
10.1109/tvcg.2009.159,5390a6d920f70186a0e87dd3,doi
10.1109/tvcg.2021.3114796,5d1b2f5a3a55ac071793c503,doi
10.1109/visual.1999.809924,539087f820f70186a0d72a81,doi
10.1109/visual.1993.398885,5390958a20f70186a0def78b,doi
10.1109/tvcg.2006.193,53909a9320f70186a0e21a92,doi
10.1109/tvcg.2010.132,5390ada620f70186a0ec24c9,doi
10.1109/vast.2010.5652895,53e99905b7602d9702142d11,doi
10.1109/visual.2005.1532855,558a8ebce4b0b32fcb378703,title
10.1109/tvcg.2012.223,558b656a84ae84d265c32461,doi
10.1109/vast.2017.8585665,5c38b5583a55acc9e54e2246,doi
10.1109/tvcg.2023.3326907,64f59fb33fda6d7f0648d28c,doi
10.1109/vast.2006.261436,53e9b6bfb7602d97042448ad,doi
10.1109/tvcg.2017.2744319,5a4aef9e17c44a2190f7acf7,doi
10.1109/tvcg.2018.2864491,5c0f88edda562944ac981672,doi
10.1109/tvcg.2018.2865159,5c0f890cda562944ac9859ef,doi
10.1109/tvcg.2018.2864504,5c0f8a56da562944ac9af2c3,doi
10.1109/tvcg.2020.3030352,5eb7896cda5629cf24430770,doi
10.1109/tvcg.2009.187,5390a6d920f70186a0e87dc2,doi
10.1109/tvcg.2019.2934333,5d25bcd73a55ac8369528f82,doi
10.1109/tvcg.2014.2346665,55503f9045ce0a409eb2ec4b,doi
10.1109/tvcg.2019.2934535,5d8ddf3547c8f76646f171db,doi
10.1109/tvcg.2023.3327182,64f00ff43fda6d7f06eceb22,doi
10.1109/tvcg.2024.3456343,66a8498a01d2a3fbfc084681,doi
10.1109/visual.1994.346335,5390958a20f70186a0defa8f,doi
10.1109/visual.2004.123,5390979920f70186a0e0057e,doi
10.1109/vast.2017.8585638,5c38b5583a55acc9e54e2244,doi
10.1109/tvcg.2022.3209391,630d7fdf90e50fcafd3e6566,doi
10.1109/tvcg.2007.70565,53909f8c20f70186a0e3f790,doi
10.1109/infvis.2003.1249002,5390aeba20f70186a0ecafea,doi
10.1109/tvcg.2014.2346573,557c77fa08b02739a5ca7d03,doi
10.1109/tvcg.2017.2745279,59ae0cda0cf284510fa8b3f1,doi
10.1109/visual.1994.346318,5390958a20f70186a0defaa0,doi
10.1109/tvcg.2021.3114811,6110a8875244ab9dcb34b5ce,doi
10.1109/tvcg.2024.3456298,660b600113fb2c6cf66e04ec,doi
10.1109/tvcg.2022.3209429,63357b8490e50fcafd1c2c4b,doi
10.1109/tvcg.2008.178,5390a28020f70186a0e62bad,doi
10.1109/tvcg.2008.141,5390a28020f70186a0e62bb9,doi
10.1109/tvcg.2011.186,5390b20120f70186a0ee5043,doi
10.1109/vast.2010.5652968,53e9a84fb7602d970319ad6b,doi
10.1109/tvcg.2009.145,5390a6d920f70186a0e87dbe,doi
10.1109/vast.2009.5333082,53e9af00b7602d9703936426,doi
10.1109/tvcg.2024.3456171,66a9963801d2a3fbfc15d560,doi
10.1109/visual.1995.480818,53908bcc20f70186a0dc6ce6,doi
10.1109/tvcg.2014.2346919,55503f9045ce0a409eb2ebeb,doi
10.1109/visual.2001.964507,539089ab20f70186a0d96a99,doi
10.1109/infvis.2005.1532142,5390990f20f70186a0e1003a,doi
10.1109/vast.2007.4389025,5390a45620f70186a0e733f0,doi
10.1109/tvcg.2013.123,5390be6620f70186a0f4bb94,doi
10.1109/visual.1993.398897,5390958a20f70186a0def797,doi
10.1109/tvcg.2014.2346660,557c7ef3f66765fbb46b51aa,doi
10.1109/tvcg.2018.2864505,5c0f88edda562944ac981677,doi
10.1109/tvcg.2021.3114880,6156e6665244ab9dcb54ff9f,doi
10.1109/visual.2002.1183827,539089ab20f70186a0d96b75,doi
10.1109/infvis.2002.1173149,53908cde20f70186a0dcd8cb,doi
10.1109/vast.2012.6400538,5390bae520f70186a0f3b1b9,doi
10.1109/visual.2003.1250407,539098b820f70186a0e0a6f2,doi
10.1109/tvcg.2008.183,5390a28020f70186a0e62bc6,doi
10.1109/tvcg.2009.118,5390a6d920f70186a0e87db3,doi
10.1109/vast.2012.6400492,5390bae520f70186a0f3b1a4,doi
10.1109/visual.2002.1183810,539089ab20f70186a0d96b64,doi
10.1109/visual.2004.114,5390979920f70186a0e00586,doi
10.1109/visual.2003.1250373,539098b820f70186a0e0a6d1,doi
10.1109/visual.1992.235216,53e9ba59b7602d970467548f,doi
10.1109/tvcg.2023.3326601,64d1bdf93fda6d7f06ec4ae3,doi
10.1109/tvcg.2020.3030386,5f4f724591e0111f07b30a9a,doi
10.1109/visual.1996.567780,539087dd20f70186a0d6284b,doi
10.1109/tvcg.2008.139,5390a28020f70186a0e62ba1,doi
10.1109/tvcg.2015.2467251,5687e7e50cf2afdcd166004a,doi
10.1109/visual.1994.346309,5390958a20f70186a0defaa9,doi
10.1109/tvcg.2013.183,5390be6620f70186a0f4bbbe,doi
10.1109/vast.2014.7042496,5550451945ce0a409eb539dd,doi
10.1109/tvcg.2018.2865233,5c0f890cda562944ac9859f6,doi
10.1109/tvcg.2011.203,5390b20120f70186a0ee5085,doi
10.1109/visual.2000.885706,5390881220f70186a0d7e188,doi
10.1109/visual.1990.146377,5390958a20f70186a0def67a,doi
10.1109/tvcg.2007.70577,53909f8c20f70186a0e3f777,doi
10.1109/tvcg.2014.2346930,557c5b13f66765fbb46b075a,doi
10.1109/vast.2011.6102439,558b3041e4b031bae1fbfed9,doi
10.1109/tvcg.2019.2934397,5d25bcd73a55ac8369528ec1,doi
10.1109/tvcg.2023.3326923,64e432c73fda6d7f0600b897,doi
10.1109/visual.1993.398860,539087c720f70186a0d571aa,doi
10.1109/tvcg.2013.211,5390be6620f70186a0f4bbb0,doi
10.1109/vast.2011.6102493,558b3047e4b031bae1fbfeff,doi
10.1109/tvcg.2019.2934555,5c8db5f24895d9cbc67d7144,doi
10.1109/tvcg.2022.3209437,6336c8c090e50fcafd18f668,doi
10.1109/infvis.1999.801855,539087f820f70186a0d71399,doi
10.1109/visual.1999.809929,539087f820f70186a0d72a85,doi
10.1109/tvcg.2013.148,5390be6620f70186a0f4bbec,doi
10.1109/tvcg.2014.2346274,55503f9145ce0a409eb2ec6f,doi
10.1109/tvcg.2017.2745219,59ae0cda0cf284510fa8b3f5,doi
10.1109/visual.1999.809932,539087f820f70186a0d72a88,doi
10.1109/visual.1991.175806,5390958a20f70186a0def6c2,doi
10.1109/tvcg.2007.70573,53909f8c20f70186a0e3f76b,doi
10.1109/tvcg.2013.162,5390be6620f70186a0f4bbf1,doi
10.1109/tvcg.2021.3114790,6112010e5244ab9dcb0aa8b4,doi
10.1109/tvcg.2022.3209443,63195d8090e50fcafde7d404,doi
10.1109/tvcg.2024.3456361,66a6f6d401d2a3fbfc53f527,doi
10.1109/tvcg.2013.120,5390be6620f70186a0f4bbc3,doi
10.1109/vast.2018.8802449,5d610c3c3a55ac9ed9d7f007,doi
10.1109/tvcg.2019.2934630,5d63ae47ed7e9c7926557db3,doi
10.1109/visual.1996.568139,539087dd20f70186a0d62a74,doi
10.1109/vast.2010.5651694,53e9b802b7602d97043b6a83,doi
10.1109/tvcg.2019.2934541,5d63ae47ed7e9c7926557da7,doi
10.1109/tvcg.2014.2346265,557c835808b02739a5ca8c3e,doi
10.1109/visual.1990.146372,5390958a20f70186a0def675,doi
10.1109/visual.1997.663903,539087e620f70186a0d6758f,doi
10.1109/tvcg.2018.2865025,5ac1829d17c44a1fda91805b,doi
10.1109/visual.2000.885718,5390881220f70186a0d7e198,doi
10.1109/visual.2002.1183787,539089ab20f70186a0d96b4d,doi
10.1109/visual.1991.175770,5390958a20f70186a0def6a6,doi
10.1109/visual.2005.1532838,53e99ac4b7602d97023407fc,title
10.1109/tvcg.2020.3030424,5f57607591e011f4c3d5dc5a,doi
10.1109/tvcg.2020.3030461,5f69ea2091e011a2f0270a27,doi
10.1109/vast.2012.6400539,5390bae520f70186a0f3b1ba,doi
10.1109/vast.2007.4388998,5390a45620f70186a0e733d6,doi
10.1109/tvcg.2015.2468011,563b69d10cf20b987890bca1,doi
10.1109/tvcg.2006.181,53909a9320f70186a0e21acf,doi
10.1109/vast.2010.5652926,5390b4da20f70186a0f00b02,title
10.1109/tvcg.2021.3114867,6156e6665244ab9dcb54ffd4,doi
10.1109/tvcg.2024.3456388,6698789301d2a3fbfc542e6c,doi
10.1109/visual.2003.1250374,539098b820f70186a0e0a6d2,doi
10.1109/tvcg.2012.197,53e9b815b7602d97043c7c65,doi
10.1109/tvcg.2019.2934557,5d4800593a55ac01b0f8ff04,doi
10.1109/tvcg.2022.3209493,62e0acf85aee126c0f20845d,doi
10.1109/visual.2004.48,5390979920f70186a0e00536,doi
10.1109/tvcg.2013.214,5390be6620f70186a0f4bbd5,doi
10.1109/tvcg.2021.3114878,615837ee5244ab9dcb3c9010,doi
10.1109/visual.1994.346326,539089bb20f70186a0d9882e,title
10.1109/visual.2004.6,5390979920f70186a0e0058a,doi
10.1109/tvcg.2013.128,5390be6620f70186a0f4bbfe,doi
10.1109/tvcg.2006.128,53909a9320f70186a0e21ab3,doi
10.1109/tvcg.2008.148,5390a28020f70186a0e62b9e,doi
10.1109/visual.2000.885723,5390881220f70186a0d7e1a1,doi
10.1109/tvcg.2006.185,53909a9320f70186a0e21ad6,doi
10.1109/tvcg.2023.3326580,6539ff5c939a5f40823b04fa,doi
10.1109/tvcg.2023.3327368,653b50f3939a5f40823474b3,doi
10.1109/tvcg.2023.3326524,653b50f3939a5f40823474ba,doi
10.1109/visual.2004.113,5390979920f70186a0e0053c,doi
10.1109/visual.2004.127,5390979920f70186a0e0055c,doi
10.1109/scivis.2015.7429486,573698876e3b12023e74618c,doi
10.1109/tvcg.2023.3327389,64b8b1bd3fda6d7f062b98e5,doi
10.1109/tvcg.2011.163,5390b20120f70186a0ee5041,doi
10.1109/tvcg.2017.2744418,59ae0cda0cf284510fa8b416,doi
10.1109/tvcg.2020.3030379,5f43944191e01165ef974b5b,doi
10.1109/tvcg.2022.3209447,6321467290e50fcafdb9b57f,doi
10.1109/tvcg.2023.3327077,64bf48f93fda6d7f06274799,doi
10.1109/tvcg.2024.3456174,660cb81113fb2c6cf66b6aa1,doi
10.1109/visual.1997.663851,539087e620f70186a0d6752f,doi
10.1109/visual.1997.663893,539087e620f70186a0d67578,doi
10.1109/tvcg.2014.2346572,55503f9145ce0a409eb2ec95,doi
10.1109/infvis.1998.729558,53908af920f70186a0db073c,doi
10.1109/infvis.2004.57,5390979920f70186a0e010bf,doi
10.1109/tvcg.2006.173,53909a9320f70186a0e21a96,doi
10.1109/vast.2011.6102496,53e99a9fb7602d97023181db,doi
10.1109/visual.1995.480804,53908bcc20f70186a0dc6cd5,doi
10.1109/visual.1996.567745,539087dd20f70186a0d62841,doi
10.1109/vast.2018.8802424,5d610c3c3a55ac9ed9d7f00e,doi
10.1109/vast47406.2019.8986943,5e63725b91e011ae97a69e4d,doi
10.1109/tvcg.2020.3028956,5f80365d9fced0a24b9afdca,doi
10.1109/tvcg.2024.3456308,66a302d601d2a3fbfc461c6c,doi
10.1109/tvcg.2010.215,5390ada620f70186a0ec2495,doi
10.1109/tvcg.2016.2598624,58437713ac44360f1082cc21,doi
10.1109/tvcg.2021.3114840,6156e6665244ab9dcb54ff0f,doi
10.1109/visual.1998.745301,539087eb20f70186a0d6c0ac,doi
10.1109/vast.2012.6400491,5390bae520f70186a0f3b1a3,doi
10.1109/tvcg.2018.2865142,5c0f8928da562944ac9884a6,doi
10.1109/visual.2005.1532779,53e999bbb7602d97021ffeca,title
10.1109/tvcg.2017.2744805,59ae0cda0cf284510fa8b409,doi
10.1109/tvcg.2021.3114792,60f7802d5244ab9dcb397ba4,doi
10.1109/tvcg.2021.3114756,615837ee5244ab9dcb3c8e91,doi
10.1109/tvcg.2006.198,53909a9320f70186a0e21a85,doi
10.1109/vast.2010.5650766,53e9a494b7602d9702db144d,doi
10.1109/visual.1994.346299,53e9afdab7602d9703a2e702,doi
10.1109/vast.2014.7042476,5550451845ce0a409eb53987,doi
10.1109/tvcg.2020.3030365,5f2140ad91e011f62007afcf,doi
10.1109/visual.1998.745304,539087eb20f70186a0d6c0b4,doi
10.1109/visual.2001.964515,539089ab20f70186a0d96aa1,doi
10.1109/visual.2003.1250383,539098b820f70186a0e0a6db,doi
10.1109/infvis.2003.1249006,5390aeba20f70186a0ecafee,doi
10.1109/vast.2008.4677396,53e9b2d2b7602d9703d828e4,doi
10.1109/tvcg.2024.3456325,669f0e2701d2a3fbfc0a5089,doi
10.1109/tvcg.2009.163,5390a6d920f70186a0e87dd1,doi
10.1109/vast.2006.261416,53e999e0b7602d970222666e,doi
10.1109/visual.1997.663869,539087e620f70186a0d67550,doi
10.1109/tvcg.2009.150,5390a6d920f70186a0e87ddd,doi
10.1109/vast.2009.5332596,53e9a698b7602d9702fc9d6f,doi
10.1109/tvcg.2014.2346978,557c46e0f66765fbb46ace6d,doi
10.1109/tvcg.2021.3114787,6156e6665244ab9dcb550092,doi
10.1109/tvcg.2024.3456199,66b1847401d2a3fbfc600ca5,doi
10.1109/tvcg.2006.125,53909a9320f70186a0e21ac8,doi
10.1109/tvcg.2012.222,53e9a194b7602d9702a87288,doi
10.1109/tvcg.2015.2467963,563b69d10cf20b987890bc7c,doi
10.1109/tvcg.2017.2744038,599c7b64601a182cd2732154,doi
10.1109/vast.2017.8585505,5c38b5583a55acc9e54e224e,doi
10.1109/tvcg.2022.3209476,62f4739390e50fcafdfec931,doi
10.1109/tvcg.2006.149,53909a9320f70186a0e21ad0,doi
10.1109/vast.2012.6400551,5390bae520f70186a0f3b1c6,doi
10.1109/tvcg.2015.2468151,563b69d10cf20b987890bca3,doi
10.1109/tvcg.2015.2467292,5687df5e0cf2afdcd165fb12,doi
10.1109/tvcg.2016.2598694,58437713ac44360f1082cbdd,doi
10.1109/tvcg.2007.70560,53909f8c20f70186a0e3f7a5,doi
10.1109/visual.2005.1532806,558a8f4ce4b031bae1f859e0,title
10.1109/tvcg.2020.3030367,5f43958891e01165ef974b7b,doi
10.1109/visual.1999.809903,539087f820f70186a0d72a6c,doi
10.1109/infvis.2003.1249003,5390aeba20f70186a0ecafeb,doi
10.1109/tvcg.2019.2934367,5d382d343a55acd990ee9847,doi
10.1109/infvis.2001.963289,53908cde20f70186a0dcd8be,doi
10.1109/tvcg.2017.2744078,59ae0cda0cf284510fa8b431,doi
10.1109/infvis.2005.1532145,5390990f20f70186a0e1003d,doi
10.1109/tvcg.2016.2598588,58437713ac44360f1082cbf3,doi
10.1109/tvcg.2017.2744198,59ae0cda0cf284510fa8b427,doi
10.1109/visual.1993.398847,5390958a20f70186a0def765,doi
10.1109/visual.1993.398878,5390958a20f70186a0def784,doi
10.1109/tvcg.2010.150,5390ada620f70186a0ec24ad,doi
10.1109/tvcg.2011.159,5390b20120f70186a0ee508d,doi
10.1109/visual.2001.964522,53e9b577b7602d97040b3131,doi
10.1109/visual.2000.885720,5390881220f70186a0d7e19b,doi
10.1109/visual.1992.235177,5390958a20f70186a0def718,doi
10.1109/infvis.2004.75,5390979920f70186a0e010db,doi
10.1109/infvis.2004.1,5390979920f70186a0e010bd,doi
10.1109/tvcg.2007.70539,53909f8c20f70186a0e3f786,doi
10.1109/tvcg.2018.2864801,5c0f88edda562944ac98167d,doi
10.1109/tvcg.2020.3028892,5f80365d9fced0a24b9afd8f,doi
10.1109/tvcg.2021.3114833,60f5742d5244ab9dcb205df2,doi
10.1109/infvis.2005.1532123,5390990f20f70186a0e10028,doi
10.1109/tvcg.2012.206,53e99b63b7602d9702408e22,doi
10.1109/tvcg.2017.2744099,59ae0cda0cf284510fa8b42d,doi
10.1109/tvcg.2018.2865152,5c0f890cda562944ac9859ed,doi
10.1109/tvcg.2023.3327186,64e6d5a53fda6d7f0652a3e9,doi
10.1109/infvis.2001.963290,53908cde20f70186a0dcd8bd,doi
10.1109/infvis.2002.1173153,53908cde20f70186a0dcd8dd,doi
10.1109/visual.2003.1250425,539098b820f70186a0e0a705,doi
10.1109/tvcg.2010.148,5390ada620f70186a0ec2493,doi
10.1109/tvcg.2019.2934806,5d63ae47ed7e9c7926557dce,doi
10.1109/tvcg.2013.181,5390be6620f70186a0f4bb9a,doi
10.1109/visual.1991.175819,53e9a350b7602d9702c58cbc,doi
10.1109/tvcg.2012.191,53e9af00b7602d97039346b1,doi
10.1109/tvcg.2018.2864507,5c0f8dc4da562944aca23b58,doi
10.1109/visual.2001.964504,539089ab20f70186a0d96a96,doi
10.1109/tvcg.2008.138,5390a28020f70186a0e62baf,doi
10.1109/vast.2007.4389008,5390a45620f70186a0e733e0,doi
10.1109/tvcg.2012.262,558b657a84ae84d265c324ad,doi
10.1109/visual.2004.126,5390979920f70186a0e00582,doi
10.1109/tvcg.2021.3114683,606ad9d191e011f23f90965d,doi
10.1109/visual.1994.346314,539089bb20f70186a0d987f9,title
10.1109/tvcg.2009.157,5390a6d920f70186a0e87d9d,doi
10.1109/visual.1995.485149,53908bcc20f70186a0dc6cba,doi
10.1109/tvcg.2007.70553,53909f8c20f70186a0e3f763,doi
10.1109/infvis.2003.1249031,53e9a16ab7602d9702a5d148,doi
10.1109/tvcg.2017.2743858,59ae0cdb0cf284510fa8b445,doi
10.1109/infvis.2001.963279,53908cde20f70186a0dcd8b6,doi
10.1109/tvcg.2019.2934434,5d63ae47ed7e9c7926557da2,doi
10.1109/tvcg.2023.3327353,653ca290939a5f4082909a8c,doi
10.1109/vast.2012.6400546,5390bae520f70186a0f3b1c1,doi
10.1109/tvcg.2014.2346249,557c46c3f66765fbb46ace10,doi
10.1109/tvcg.2019.2934800,5d4ac1f13a55acb184527e41,doi
10.1109/tvcg.2010.196,5390ada620f70186a0ec24cd,doi
10.1109/vast.2007.4388997,5390a45620f70186a0e733d5,doi
10.1109/tvcg.2012.292,558b656c84ae84d265c3246b,doi
10.1109/tvcg.2018.2865042,5c0f8a3bda562944ac9abd5f,doi
10.1109/vast.2008.4677368,53e9a17fb7602d9702a72f22,doi
10.1109/tvcg.2018.2864690,5c0f8b82da562944ac9d5a0e,doi
10.1109/tvcg.2021.3114863,6100ee345244ab9dcbba133e,doi
10.1109/visual.1991.175833,5390958a20f70186a0def6d8,doi
10.1109/tvcg.2022.3209393,62f3220a90e50fcafd115a51,doi
10.1109/tvcg.2024.3456316,66b5780b01d2a3fbfcb6ac92,doi
10.1109/visual.1990.146402,5390878320f70186a0d32d84,doi
10.1109/visual.2002.1183800,539089ab20f70186a0d96b5a,doi
10.1109/visual.2004.125,5390979920f70186a0e00585,doi
10.1109/tvcg.2015.2467112,5687e7220cf2afdcd165ffb7,doi
10.1109/tvcg.2021.3114804,6125b0115244ab9dcb38b0f5,doi
10.1109/visual.1994.346297,5390958a20f70186a0defab5,doi
10.1109/tvcg.2022.3209439,6334267f90e50fcafd6a4a0e,doi
10.1109/tvcg.2023.3326919,64ba03413fda6d7f06273268,doi
10.1109/tvcg.2024.3456393,66a302d601d2a3fbfc461d7c,doi
10.1109/visual.1990.146374,5390958a20f70186a0def677,doi
10.1109/infvis.2005.1532139,5390990f20f70186a0e10045,doi
10.1109/tvcg.2012.205,53e99e30b7602d97026f09e4,doi
10.1109/vast.2008.4677383,558b0bffe4b037c0875ab4e8,doi
10.1109/visual.1996.568143,539087dd20f70186a0d62a89,doi
10.1109/visual.1992.235211,5390958a20f70186a0def6f6,doi
10.1109/visual.1994.346337,5390958a20f70186a0defa8d,doi
10.1109/tvcg.2023.3326939,64dc49933fda6d7f06389f60,doi
10.1109/infvis.2002.1173154,53e9babab7602d97046eb281,doi
10.1109/vast.2008.4677351,53e9be44b7602d9704b042a2,doi
10.1109/tvcg.2023.3327354,64c09a9c3fda6d7f06e3e958,doi
10.1109/tvcg.2023.3327193,64fe78f03fda6d7f06a43b05,doi
10.1109/vast.2009.5333911,53e99da4b7602d970265e8f5,doi
10.1109/tvcg.2016.2598795,58437713ac44360f1082cbe3,doi
10.1109/tvcg.2014.2346298,557c3f4c6feeaa8086d9663a,doi
10.1109/tvcg.2014.2346998,557c784cf66765fbb46b4539,doi
10.1109/tvcg.2022.3209412,63357b8490e50fcafd1c2c62,doi
10.1109/visual.1992.235180,5390958a20f70186a0def715,doi
10.1109/visual.2004.4,5390979920f70186a0e00540,doi
10.1109/tvcg.2006.197,53909a9320f70186a0e21ac7,doi
10.1109/vast.2010.5652951,558be29784ae6766fdefcd35,doi
10.1109/tvcg.2022.3209449,60a6476891e0115d932bfdec,doi
10.1109/visual.1998.745295,539087eb20f70186a0d6c0a3,doi
10.1109/tvcg.2006.143,53909a9320f70186a0e21adb,doi
10.1109/tvcg.2007.70571,53909f8c20f70186a0e3f75b,doi
10.1109/tvcg.2008.168,5390a28020f70186a0e62b8a,doi
10.1109/tvcg.2024.3456193,660ba08313fb2c6cf689c6a1,doi
10.1109/tvcg.2010.171,5390ada620f70186a0ec248a,doi
10.1109/tvcg.2011.261,5390b20120f70186a0ee5097,doi
10.1109/visual.1996.568130,53e9b3d4b7602d9703ec1f65,doi
10.1109/vast.2012.6400542,5390bae520f70186a0f3b1bd,doi
10.1109/visual.2002.1183795,53e9aa66b7602d97033d9c88,doi
10.1109/tvcg.2024.3456215,66a05ffa01d2a3fbfcb181e3,doi
10.1109/tvcg.2020.3030388,5f6c716b91e0119671e858fd,doi
10.1109/tvcg.2014.2346406,557c6770f66765fbb46b23d7,doi
10.1109/tvcg.2015.2467433,563b69d10cf20b987890bc83,doi
10.1109/vast.2016.7883506,599c7c2d601a182cd2790ffb,doi
10.1109/tvcg.2017.2744158,59ae0cda0cf284510fa8b42a,doi
10.1109/tvcg.2019.2934654,5d4409be3a55acdd76472512,doi
10.1109/visual.1999.809912,539087f820f70186a0d72a75,doi
10.1109/visual.2001.964556,539089ab20f70186a0d96ac9,doi
10.1109/infvis.2004.58,5390979920f70186a0e010e2,doi
10.1109/tvcg.2022.3209451,6142b6125244ab9dcbc97ad4,doi
10.1109/visual.1990.146376,5390958a20f70186a0def679,doi
10.1109/visual.2004.28,5390979920f70186a0e00561,doi
10.1109/tvcg.2015.2467962,5687e3700cf2afdcd165fd8b,doi
10.1109/tvcg.2020.3028889,5f2bdafb91e011b36ba9cefb,doi
10.1109/tvcg.2022.3209432,631ff4f890e50fcafd85b1c7,doi
10.1109/visual.1998.745339,539087eb20f70186a0d6c0fd,doi
10.1109/tvcg.2014.2346322,55503f9045ce0a409eb2ec0a,doi
10.1109/tvcg.2015.2467553,563b69d20cf20b987890bcaf,doi
10.1109/tvcg.2022.3209489,62e350195aee126c0fba8f83,doi
10.1109/tvcg.2010.168,5390ada620f70186a0ec2483,doi
10.1109/tvcg.2018.2865076,5c0f890cda562944ac9859e3,doi
10.1109/tvcg.2019.2934402,5d42bae23a55ac0e3f27373b,doi
10.1109/tvcg.2019.2934786,5d63ae47ed7e9c7926557dc4,doi
10.1109/tvcg.2023.3326917,6538ade6939a5f4082b0b4f6,doi
10.1109/tvcg.2011.213,5390b20120f70186a0ee504e,doi
10.1109/visual.1998.745307,539087eb20f70186a0d6c0bd,doi
10.1109/visual.1991.175777,5390958a20f70186a0def6ab,doi
10.1109/vast.2011.6102492,53e9a9bdb7602d9703319b18,doi
10.1109/tvcg.2015.2467436,563b69d10cf20b987890bc8a,doi
10.1109/tvcg.2018.2864813,5c0f88edda562944ac981682,doi
10.1109/tvcg.2019.2934263,5d5e685ded7e9c792654978a,doi
10.1109/tvcg.2022.3209383,62eb392a5aee126c0fb76421,doi
10.1109/visual.1991.175802,5390958a20f70186a0def6bf,doi
10.1109/visual.2003.1250418,539098b820f70186a0e0a6ff,doi
10.1109/tvcg.2016.2599040,58437713ac44360f1082cbe8,doi
10.1109/tvcg.2024.3456389,66bc137201d2a3fbfc5963ef,doi
10.1109/infvis.1998.729569,53908b2a20f70186a0db9ea1,doi
10.1109/visual.1993.398865,5390958a20f70186a0def777,title
10.1109/visual.1994.346286,5390958a20f70186a0defac1,doi
10.1109/vast.2010.5652958,53e998f0b7602d970212bcae,doi
10.1109/vast.2016.7883509,599c7c2d601a182cd279101a,doi
10.1109/vast.2007.4389007,5390a45620f70186a0e733df,doi
10.1109/vast.2011.6102461,53e9b408b7602d9703efb373,doi
10.1109/tvcg.2012.231,53e9b90ab7602d97044ed925,doi
10.1109/vast.2014.7042481,557c4f05f66765fbb46ae7f0,doi
10.1109/tvcg.2017.2745086,59ae0cda0cf284510fa8b400,doi
10.1109/tvcg.2014.2346431,557c1e5ef6672d70710ee129,doi
10.1109/tvcg.2016.2599043,58437713ac44360f1082cbc8,doi
10.1109/tvcg.2021.3114794,60f76c485244ab9dcb2e79dd,doi
10.1109/tvcg.2022.3209388,63396b9d90e50fcafd969237,doi
10.1109/tvcg.2024.3456357,66a8495e01d2a3fbfc0801af,doi
10.1109/vast.2009.5333420,53e9989bb7602d97020d164e,doi
10.1109/tvcg.2014.2346442,557c4c8208b02739a5ca398b,doi
10.1109/infvis.2002.1173164,53908cde20f70186a0dcd8cc,doi
10.1109/infvis.2004.14,5390979920f70186a0e010f0,doi
10.1109/tvcg.2007.70617,53909f8c20f70186a0e3f781,doi
10.1109/tvcg.2009.138,5390a6d920f70186a0e87de0,doi
10.1109/tvcg.2019.2934609,5d63ae47ed7e9c7926557dac,doi
10.1109/tvcg.2020.3030364,5f5766ff91e011f4c3d5dcfb,doi
10.1109/visual.1997.663911,539087e620f70186a0d67596,doi
10.1109/visual.2001.964505,539089ab20f70186a0d96a97,doi
10.1109/tvcg.2011.212,5390b20120f70186a0ee506c,doi
10.1109/vast.2010.5650199,558be14184ae6766fdefc5e3,doi
10.1109/tvcg.2020.3030378,5f4639a191e011938ffdcf9f,doi
10.1109/vast.2016.7883510,599c7c2d601a182cd2790f13,title
10.1109/tvcg.2019.2934539,5d3589f93a55ac747eacb857,doi
10.1109/visual.2002.1183793,539089ab20f70186a0d96b53,doi
10.1109/visual.1990.146378,5390958a20f70186a0def67b,doi
10.1109/tvcg.2015.2467733,563b69d20cf20b987890bcb2,doi
10.1109/tvcg.2015.2467203,5687e82f0cf2afdcd1660089,doi
10.1109/tvcg.2023.3326576,64ba03123fda6d7f0626c133,doi
10.1109/visual.1997.663892,539087e620f70186a0d67576,doi
10.1109/visual.2004.53,5390979920f70186a0e00581,doi
10.1109/tvcg.2009.131,5390a6d920f70186a0e87d8a,doi
10.1109/tvcg.2009.167,5390a6d920f70186a0e87da0,doi
10.1109/tvcg.2013.149,5390be6620f70186a0f4bbd6,doi
10.1109/tvcg.2015.2467321,563b69d10cf20b987890bc99,doi
10.1109/visual.1992.235209,53e99cc2b7602d9702574f1a,doi
10.1109/vast.2008.4677393,53e9a12ab7602d9702a1b400,doi
10.1109/vast.2009.5333920,53e9b102b7602d9703b7cdf5,doi
10.1109/vast.2008.4677357,53e99d7ab7602d9702634ffa,doi
10.1109/tvcg.2014.2346405,558c148084ae6766fdf0ee32,doi
10.1109/tvcg.2020.3030389,5f44f4b391e011872f85eeb3,doi
10.1109/visual.1990.146380,5390958a20f70186a0def67d,doi
10.1109/tvcg.2009.122,5390a6d920f70186a0e87dbd,doi
10.1109/vast.2012.6400531,5390bae520f70186a0f3b1b2,doi
10.1109/tvcg.2013.215,5390be6620f70186a0f4bba2,doi
10.1109/tvcg.2015.2467324,563b69d10cf20b987890bc94,doi
10.1109/tvcg.2023.3326578,64dc49903fda6d7f06389c13,doi
10.1109/tvcg.2024.3456336,66aed71501d2a3fbfc538b24,doi
10.1109/tvcg.2009.188,5390a6d920f70186a0e87dc5,doi
10.1109/tvcg.2013.119,5390be6620f70186a0f4bbc7,doi
10.1109/visual.2004.73,5390979920f70186a0e0054a,doi
10.1109/infvis.2001.963278,53e9ba2db7602d9704639fca,doi
10.1109/tvcg.2016.2598448,58437713ac44360f1082cc3a,doi
10.1109/vast50239.2020.00015,5f23f75891e01144966d0a86,doi
10.1109/tvcg.2022.3209445,62f1d08c90e50fcafd88ec75,doi
10.1109/visual.2002.1183805,539089ab20f70186a0d96b5f,doi
10.1109/visual.1990.146386,5390958a20f70186a0def683,doi
10.1109/tvcg.2006.150,53909a9320f70186a0e21aba,doi
10.1109/visual.1994.346289,53e9a9eab7602d970334cbf1,doi
10.1109/visual.2000.885680,5390881220f70186a0d7e167,doi
10.1109/infvis.2005.1532129,5390990f20f70186a0e1002e,doi
10.1109/tvcg.2023.3326933,5736988b6e3b12023e749cb1,doi
10.1109/visual.1999.809882,539087f820f70186a0d72a3a,doi
10.1109/visual.2004.118,5390979920f70186a0e00583,doi
10.1109/tvcg.2007.70550,53909f8c20f70186a0e3f772,doi
10.1109/vast.2017.8585720,599c7972601a182cd263e4cc,doi
10.1109/tvcg.2022.3209404,6304455590e50fcafd12c63f,doi
10.1109/tvcg.2007.70603,53909f8c20f70186a0e3f79e,doi
10.1109/tvcg.2009.115,5390a6d920f70186a0e87d97,doi
10.1109/tvcg.2024.3456318,669f0e2701d2a3fbfc0a5149,doi
10.1109/infvis.2004.2,5390979920f70186a0e010c1,doi
10.1109/tvcg.2023.3327203,64fa84403fda6d7f06700861,doi
10.1109/visual.1994.346308,5390958a20f70186a0defaaa,doi
10.1109/infvis.2004.69,5390979920f70186a0e010ee,doi
10.1109/tvcg.2010.190,5390ada620f70186a0ec248c,doi
10.1109/tvcg.2010.212,5390ada620f70186a0ec249f,doi
10.1109/visual.1990.146383,53e9a495b7602d9702db692e,doi
10.1109/visual.1993.398877,5390958a20f70186a0def783,doi
10.1109/tvcg.2017.2744458,59ae0cda0cf284510fa8b413,doi
10.1109/visual.2000.885678,5390881220f70186a0d7e165,title
10.1109/tvcg.2011.188,5390b20120f70186a0ee5080,doi
10.1109/tvcg.2012.203,558b657884ae84d265c324a7,doi
10.1109/tvcg.2015.2467552,563b69d20cf20b987890bcb0,doi
10.1109/tvcg.2024.3456510,66b96bb301d2a3fbfcb647b1,doi
10.1109/tvcg.2009.146,5390a6d920f70186a0e87da6,doi
10.1109/tvcg.2014.2346250,557c603808b02739a5ca59e5,doi
10.1109/tvcg.2013.159,5390be6620f70186a0f4bbed,doi
10.1109/tvcg.2012.255,53e9ae5cb7602d9703876669,doi
10.1109/tvcg.2020.3030393,5f9944a6d4150a363ce95ffc,doi
10.1109/visual.2000.885682,5390881220f70186a0d7e16a,doi
10.1109/visual.2004.27,5390979920f70186a0e00563,doi
10.1109/vast.2011.6102495,53e9ab6fb7602d970351030b,doi
10.1109/visual.2004.77,5390979920f70186a0e0056b,doi
10.1109/tvcg.2024.3456379,66e8c1fd01d2a3fbfc93286f,doi
10.1109/visual.1999.809884,539087f820f70186a0d72a3c,doi
10.1109/tvcg.2013.206,5390be6620f70186a0f4bbb6,doi
10.1109/visual.1999.809898,558a9b57e4b037c087581eb1,doi
10.1109/visual.1998.745298,539087eb20f70186a0d6c0a7,doi
10.1109/visual.1991.175805,5390958a20f70186a0def6c1,doi
10.1109/visual.1992.235224,5390958a20f70186a0def6e9,doi
10.1109/tvcg.2010.169,5390ada620f70186a0ec2497,doi
10.1109/tvcg.2011.177,5390b20120f70186a0ee507c,doi
10.1109/tvcg.2012.263,558b657f84ae84d265c324c9,doi
10.1109/vast.2015.7347626,573697316e3b12023e621648,doi
10.1109/infvis.1998.729560,53908af920f70186a0db06b7,doi
10.1109/tvcg.2006.159,53909a9320f70186a0e21ab7,doi
10.1109/visual.1992.235218,5390958a20f70186a0def6ef,doi
10.1109/vast.2007.4389013,5390a0b720f70186a0e4f6a0,doi
10.1109/tvcg.2008.185,5390a28020f70186a0e62bb4,doi
10.1109/tvcg.2012.265,53e9b2fab7602d9703dbbf68,doi
10.1109/tvcg.2014.2346428,557c441df66765fbb46ac627,doi
10.1109/tvcg.2021.3114679,6125b0035244ab9dcb38a569,doi
10.1109/visual.2001.964492,539089ab20f70186a0d96a8a,doi
10.1109/tvcg.2011.237,5390b20120f70186a0ee504a,doi
10.1109/vast.2008.4677387,53e9b458b7602d9703f56769,doi
10.1109/tvcg.2011.255,5390b20120f70186a0ee5040,doi
10.1109/tvcg.2013.135,5390be6620f70186a0f4bb9d,doi
10.1109/vast.2011.6102497,53e9a8ffb7602d9703252255,doi
10.1109/vast.2014.7042482,557c5b616feeaa8086d9b4e0,doi
10.1109/tvcg.2024.3456317,66aaee9901d2a3fbfca8eb6e,doi
10.1109/vast.2012.6400559,5390bae520f70186a0f3b1ce,doi
10.1109/tvcg.2016.2598587,58437713ac44360f1082cc14,doi
10.1109/vast.2010.5650219,558be14984ae6766fdefc60c,doi
10.1109/tvcg.2015.2467961,563b69d10cf20b987890bc91,doi
10.1109/vast50239.2020.00014,60377c2c91e01137f314de19,doi
10.1109/tvcg.2013.158,5390be6620f70186a0f4bbe0,doi
10.1109/visual.1995.485143,53e9a186b7602d9702a75578,doi
10.1109/tvcg.2008.159,5390a28020f70186a0e62b8b,doi
10.1109/tvcg.2010.182,5390ada620f70186a0ec24c8,doi
10.1109/tvcg.2015.2467554,563b69d10cf20b987890bca4,doi
10.1109/tvcg.2015.2467751,5687dfd70cf2afdcd165fb64,doi
10.1109/visual.2000.885713,5390881220f70186a0d7e191,doi
10.1109/tvcg.2010.144,5390ada620f70186a0ec24c3,doi
10.1109/tvcg.2021.3114836,610cb3255244ab9dcb1e1d79,doi
10.1109/tvcg.2021.3114870,6156e6665244ab9dcb55010b,doi
10.1109/visual.1998.745311,539087eb20f70186a0d6c0c6,doi
10.1109/tvcg.2021.3114808,610b7c325244ab9dcb66466e,doi
10.1109/infvis.2004.18,5390979920f70186a0e010d3,doi
10.1109/tvcg.2011.260,5390b20120f70186a0ee5093,doi
10.1109/tvcg.2012.210,53e99c7cb7602d970252cfff,doi
10.1109/tvcg.2016.2598603,58437713ac44360f1082cc13,doi
10.1109/tvcg.2022.3209458,62fdae3790e50fcafdd635c5,doi
10.1109/vast50239.2020.00007,64a52696d68f896efa17691a,doi
10.1109/tvcg.2006.121,53909a9320f70186a0e21abf,doi
10.1109/tvcg.2019.2934784,5d42baea3a55ac0e3f273aa2,doi
10.1109/visual.2004.36,5390979920f70186a0e00560,doi
10.1109/visual.2004.54,5390979920f70186a0e00587,doi
10.1109/tvcg.2014.2346926,557c8c69f66765fbb46b68c6,doi
10.1109/tvcg.2018.2865028,5c0f890cda562944ac9859dc,doi
10.1109/tvcg.2008.161,5390a28020f70186a0e62bd1,doi
10.1109/tvcg.2014.2346435,557c4eeaf66765fbb46ae7a9,doi
10.1109/vast.2010.5652896,599c7c2d601a182cd2791050,doi
10.1109/tvcg.2023.3326921,64d5b21d3fda6d7f060d0d53,doi
10.1109/visual.2004.117,5390979920f70186a0e00584,doi
10.1109/tvcg.2011.205,5390b20120f70186a0ee5076,doi
10.1109/tvcg.2012.254,53e9b52db7602d97040638f6,doi
10.1109/tvcg.2019.2934338,5d3044533a55ac92aa14c711,doi
10.1109/tvcg.2024.3456217,66e8e5ca01d2a3fbfcf202a4,doi
10.1109/tvcg.2013.151,5390be6620f70186a0f4bbda,doi
10.1109/tvcg.2015.2467752,563b69d10cf20b987890bc98,doi
10.1109/visual.1992.235181,599c7eff601a182cd28e1219,doi
10.1109/tvcg.2008.146,5390a28020f70186a0e62bc7,doi
10.1109/tvcg.2016.2598463,58437713ac44360f1082cbc9,doi
10.1109/tvcg.2022.3209423,63357b8490e50fcafd1c2c56,doi
10.1109/tvcg.2010.197,5390ada620f70186a0ec24b6,doi
10.1109/vast.2010.5652467,53e9b661b7602d97041c60bc,doi
10.1109/tvcg.2012.238,53e99a85b7602d97022f92bf,doi
10.1109/tvcg.2023.3326936,6539ff5c939a5f40823b04fb,doi
10.1109/tvcg.2016.2598415,58437713ac44360f1082cbde,doi
10.1109/tvcg.2022.3209373,63357b8490e50fcafd1c2c57,doi
10.1109/visual.1994.346322,5390958a20f70186a0defa9c,doi
10.1109/tvcg.2006.145,53909a9320f70186a0e21aac,doi
10.1109/tvcg.2017.2745083,5a4aef9e17c44a2190f7acfa,doi
10.1109/vast.2016.7883516,599c7c2d601a182cd2790e87,doi
10.1109/tvcg.2022.3209495,62f1d08b90e50fcafd88e9a3,doi
10.1109/infvis.1998.729561,53908af920f70186a0db0742,doi
10.1109/infvis.2002.1173158,53908cde20f70186a0dcd8d7,doi
10.1109/visual.1992.235214,5390958a20f70186a0def6f3,doi
10.1109/visual.1994.346285,5390958a20f70186a0defac2,doi
10.1109/tvcg.2006.146,53909a9320f70186a0e21aa2,doi
10.1109/tvcg.2013.121,5390be6620f70186a0f4bb95,doi
10.1109/vast.2008.4677381,53e9bb1cb7602d9704759c34,doi
10.1109/tvcg.2015.2467611,5687e1ba0cf2afdcd165fc89,doi
10.1109/tvcg.2024.3456322,66b96bb301d2a3fbfcb6480e,doi
10.1109/tvcg.2006.178,53909a9320f70186a0e21a9d,doi
10.1109/vast.2008.4677375,53e9a343b7602d9702c50ee1,doi
10.1109/vast.2009.5332629,53e9b621b7602d970417b50b,doi
10.1109/visual.1997.663926,539087e620f70186a0d675a5,doi
10.1109/tvcg.2019.2934810,5d42baea3a55ac0e3f273ab2,doi
10.1109/tvcg.2008.111,5390a28020f70186a0e62b8d,doi
10.1109/tvcg.2014.2346332,557c8ec56feeaa8086da191a,doi
10.1109/tvcg.2023.3327171,64d4658d3fda6d7f06890902,doi
10.1109/tvcg.2023.3327200,653ca290939a5f4082909a74,doi
10.1109/tvcg.2013.209,5390be6620f70186a0f4bbd3,doi
10.1109/tvcg.2013.229,5390be6620f70186a0f4bbff,doi
10.1109/infvis.2001.963291,53e9b64fb7602d97041aa5ee,doi
10.1109/tvcg.2018.2864656,5c0f88edda562944ac98167c,doi
10.1109/tvcg.2019.2934556,5d63ae47ed7e9c7926557daa,doi
10.1109/visual.2000.885717,5390881220f70186a0d7e196,doi
10.1109/tvcg.2011.231,5390b20120f70186a0ee5059,doi
10.1109/tvcg.2012.225,53e999b5b7602d97021fbfe0,doi
10.1109/vast.2006.261452,53e9b40eb7602d9703f05055,doi
10.1109/tvcg.2016.2598647,58437713ac44360f1082cbdf,doi
10.1109/visual.1996.568119,539087dd20f70186a0d62a33,doi
10.1109/visual.1992.235199,5390958a20f70186a0def702,doi
10.1109/tvcg.2013.190,5390be6620f70186a0f4bbfc,doi
10.1109/tvcg.2016.2599018,58437713ac44360f1082cbb2,doi
10.1109/infvis.2001.963294,53908cde20f70186a0dcd8b4,doi
10.1109/tvcg.2006.127,53909a9320f70186a0e21aa6,doi
10.1109/tvcg.2014.2346457,55503f9045ce0a409eb2ec25,doi
10.1109/tvcg.2011.198,5390b20120f70186a0ee5063,doi
10.1109/vast.2008.4677384,53e99e8cb7602d970275439d,doi
10.1109/tvcg.2016.2598479,58437713ac44360f1082cbcd,doi
10.1109/visual.2005.1532782,539099a220f70186a0e17086,title
10.1109/tvcg.2007.70614,53909f8c20f70186a0e3f771,doi
10.1109/tvcg.2011.226,5390b20120f70186a0ee504c,doi
10.1109/tvcg.2016.2598870,58437713ac44360f1082cc0d,doi
10.1109/tvcg.2023.3326523,64d30f353fda6d7f06f6ca4b,doi
10.1109/tvcg.2020.3030338,53908cde20f70186a0dcd582,doi
10.1109/tvcg.2006.133,53909a9320f70186a0e21ab6,doi
10.1109/visual.1993.398896,558a2c99e4b031bae1f61a16,doi
10.1109/visual.1996.567784,539087dd20f70186a0d62853,doi
10.1109/visual.1999.809926,539087f820f70186a0d72a83,doi
10.1109/tvcg.2007.70591,53909f8c20f70186a0e3f792,doi
10.1109/vast.2012.6400554,5390bae520f70186a0f3b1c9,doi
10.1109/tvcg.2015.2467431,563b69d10cf20b987890bc82,doi
10.1109/visual.2002.1183753,539089ab20f70186a0d96b2c,doi
10.1109/tvcg.2013.219,5390be6620f70186a0f4bbeb,doi
10.1109/tvcg.2007.70595,53909f8c20f70186a0e3f757,doi
10.1109/visual.1998.745327,539087eb20f70186a0d6a8d5,title
10.1109/infvis.2004.40,5390979920f70186a0e010dc,doi
10.1109/tvcg.2021.3114812,6156e6665244ab9dcb550049,doi
10.1109/tvcg.2022.3209472,63357b8490e50fcafd1c2c40,doi
10.1109/tvcg.2024.3456360,66a05fa101d2a3fbfcb00780,doi
10.1109/scivis.2015.7429503,573698876e3b12023e74617b,doi
10.1109/tvcg.2021.3114784,60f774ce5244ab9dcb32a99c,doi
10.1109/visual.1997.663918,539087e620f70186a0d6759d,doi
10.1109/visual.2000.885674,5390881220f70186a0d7e161,doi
10.1109/infvis.2001.963282,53908cde20f70186a0dcd8b7,doi
10.1109/visual.1990.146403,5390958a20f70186a0def694,doi
10.1109/vast.2006.261451,558acdace4b0b32fcb38f4bc,doi
10.1109/tvcg.2017.2744843,59ae0cda0cf284510fa8b407,doi
10.1109/visual.1998.745343,539087eb20f70186a0d6c105,doi
10.1109/tvcg.2007.70518,53909f8c20f70186a0e3f7a0,doi
10.1109/visual.1996.567598,539087dd20f70186a0d6282d,title
10.1109/visual.1998.745288,539087eb20f70186a0d6c09b,doi
10.1109/visual.1998.745347,539087eb20f70186a0d6c110,doi
10.1109/visual.1990.146363,5390958a20f70186a0def66c,doi
10.1109/tvcg.2015.2467621,563b69d20cf20b987890bcaa,doi
10.1109/tvcg.2023.3326910,6538ade6939a5f4082b0b4df,doi
10.1109/tvcg.2024.3456296,66b96bb301d2a3fbfcb647e5,doi
10.1109/visual.2002.1183782,539089ab20f70186a0d96b48,doi
10.1109/visual.1994.346339,5390958a20f70186a0defa8b,doi
10.1109/tvcg.2014.2346751,557c5fde08b02739a5ca594b,doi
10.1109/scivis.2015.7429490,573698876e3b12023e746195,doi
10.1109/visual.1999.809872,539087f820f70186a0d72a32,doi
10.1109/visual.2004.128,5390979920f70186a0e0053b,doi
10.1109/visual.2003.1250406,539098b820f70186a0e0a6f1,doi
10.1109/vast.2009.5333453,558b5fc284ae84d265c30445,doi
10.1109/vast.2015.7347672,573697316e3b12023e6215d0,doi
10.1109/tvcg.2019.2934661,5d0a0e7f3a55ac03d0ed9b0f,doi
10.1109/tvcg.2022.3209427,62f3220a90e50fcafd115aae,doi
10.1109/visual.2004.37,5390979920f70186a0e00549,doi
10.1109/tvcg.2006.166,53909a9320f70186a0e21ad7,doi
10.1109/tvcg.2011.229,5390b20120f70186a0ee503e,doi
10.1109/tvcg.2011.236,5390b20120f70186a0ee5090,doi
10.1109/vast.2011.6102453,558b3043e4b031bae1fbfee7,doi
10.1109/vast.2015.7347636,573697316e3b12023e621679,doi
10.1109/tvcg.2019.2934667,5d63ae47ed7e9c7926557dbd,doi
10.1109/tvcg.2021.3114875,615837ec5244ab9dcb3c8b2c,doi
10.1109/tvcg.2024.3456159,66a8498a01d2a3fbfc084713,doi
10.1109/tvcg.2016.2598594,58437713ac44360f1082cbc5,doi
10.1109/tvcg.2019.2934242,5d4409be3a55acdd764723a8,doi
10.1109/infvis.2000.885097,53908cde20f70186a0dcd8ab,doi
10.1109/tvcg.2008.125,5390a28020f70186a0e62bbb,doi
10.1109/visual.1990.146414,53e9b3fdb7602d9703eee319,doi
10.1109/tvcg.2022.3209353,6311748e90e50fcafd093aeb,doi
10.1109/visual.1998.745292,539087eb20f70186a0d6c09f,doi
10.1109/visual.1990.146379,5390958a20f70186a0def67c,doi
10.1109/visual.1994.346336,5390958a20f70186a0defa8e,doi
10.1109/infvis.2000.885087,53908cde20f70186a0dcd8a5,doi
10.1109/visual.1990.146365,5390958a20f70186a0def66e,doi
10.1109/tvcg.2011.224,5390b20120f70186a0ee5061,doi
10.1109/tvcg.2018.2864905,5c0f890cda562944ac9859cd,doi
10.1109/vast.2006.261426,53909f8c20f70186a0e3fdf2,doi
10.1109/tvcg.2014.2346426,557c4d6e6feeaa8086d98fbf,doi
10.1109/visual.2004.16,5390979920f70186a0e0058e,doi
10.1109/vast.2007.4389009,5390a45620f70186a0e733e1,doi
10.1109/tvcg.2010.175,5390ada620f70186a0ec24c7,doi
10.1109/visual.1996.568113,539087dd20f70186a0d62a17,doi
10.1109/tvcg.2013.134,5390be6620f70186a0f4bbc6,doi
10.1109/tvcg.2022.3209422,62f1d08b90e50fcafd88e889,doi
10.1109/visual.1992.235203,5390958a20f70186a0def6fe,doi
10.1109/visual.1993.398862,5390958a20f70186a0def774,doi
10.1109/scivis.2015.7429511,573698876e3b12023e746188,doi
10.1109/tvcg.2017.2745958,59ae0cda0cf284510fa8b3e9,doi
10.1109/tvcg.2022.3209442,62f4739390e50fcafdfec92e,doi
10.1109/visual.1999.809934,539087f820f70186a0d72a89,doi
10.1109/infvis.1999.801867,53908cde20f70186a0dcd898,doi
10.1109/visual.2003.1250350,539098b820f70186a0e0a727,doi
10.1109/tvcg.2021.3114770,615837da5244ab9dcb3c6b6e,doi
10.1109/tvcg.2024.3456373,66c3fc7101d2a3fbfc6c5ffd,doi
10.1109/tvcg.2013.163,5390be6620f70186a0f4bbc1,doi
10.1109/tvcg.2022.3209487,6332b78790e50fcafdfeab26,doi
10.1109/tvcg.2024.3456387,6698789301d2a3fbfc542eae,doi
10.1109/visual.1999.809916,539087f820f70186a0d72a79,doi
10.1109/visual.1996.568163,53e997f9b7602d9702002636,doi
10.1109/vast.2006.261438,53e99bd5b7602d9702480a41,doi
10.1109/tvcg.2013.205,5390be6620f70186a0f4bbaa,doi
10.1109/tvcg.2019.2934314,5d5e685ded7e9c7926549799,doi
10.1109/infvis.2004.7,5390979920f70186a0e010dd,doi
10.1109/tvcg.2024.3456354,66e0d5ad01d2a3fbfc92ac5b,doi
10.1109/tvcg.2013.200,5390be6620f70186a0f4bbb1,doi
10.1109/tvcg.2013.212,5390be6620f70186a0f4bbf0,doi
10.1109/tvcg.2014.2346455,55503f9145ce0a409eb2ec5b,doi
10.1109/visual.1992.235173,53e9bc15b7602d970487a1fc,doi
10.1109/tvcg.2023.3326515,6538ade6939a5f4082b0b4f2,doi
10.1109/tvcg.2011.189,5390b20120f70186a0ee503b,doi
10.1109/vast.2012.6400540,5390bae520f70186a0f3b1bb,doi
10.1109/tvcg.2014.2346317,55503f9045ce0a409eb2ec06,doi
10.1109/tvcg.2018.2865022,5c0f890cda562944ac9859d6,doi
10.1109/tvcg.2019.2934369,5d36dcc73a55ac954df91023,doi
10.1109/infvis.2005.1532141,5390990f20f70186a0e10039,doi
10.1109/vast.2014.7042490,5550451845ce0a409eb53982,doi
10.1109/tvcg.2020.3030471,5f23e59a91e01144966d08ed,doi
10.1109/visual.2003.1250390,539098b820f70186a0e0a6e2,doi
10.1109/tvcg.2011.190,5390b20120f70186a0ee504f,doi
10.1109/tvcg.2013.138,5390be6620f70186a0f4bbf6,doi
10.1109/tvcg.2012.221,53e9acb5b7602d970368fa2e,doi
10.1109/infvis.2004.47,5390979920f70186a0e010cc,doi
10.1109/tvcg.2009.136,5390a6d920f70186a0e87dd8,doi
10.1109/tvcg.2013.224,5390be6620f70186a0f4bba9,doi
10.1109/tvcg.2012.213,53e99a35b7602d9702296695,doi
10.1109/infvis.1999.801857,53e9ab07b7602d970348dc90,doi
10.1109/tvcg.2014.2346404,55503f9145ce0a409eb2ec5a,doi
10.1109/scivis.2015.7429515,573698876e3b12023e746178,doi
10.1109/tvcg.2022.3209421,62f07ec190e50fcafde5ac3b,doi
10.1109/infvis.2003.1249017,5390aeba20f70186a0ecaff9,doi
10.1109/tvcg.2016.2598695,58437713ac44360f1082cc10,doi
10.1109/visual.1990.146366,5390958a20f70186a0def66f,doi
10.1109/visual.1992.235210,5390958a20f70186a0def6f7,doi
10.1109/tvcg.2006.124,53909a9320f70186a0e21aab,doi
10.1109/tvcg.2023.3327148,64b76c6a3fda6d7f068ee2d9,doi
10.1109/tvcg.2024.3456351,66b5780b01d2a3fbfcb6ac9a,doi
10.1109/tvcg.2018.2864887,5c0f890cda562944ac9859c9,doi
10.1109/tvcg.2019.2934671,5d4409be3a55acdd7647244c,doi
10.1109/tvcg.2022.3209371,63357b8490e50fcafd1c2c6a,doi
10.1109/tvcg.2013.208,5390be6620f70186a0f4bbef,doi
10.1109/tvcg.2014.2346331,557c4f2d08b02739a5ca3e2b,doi
10.1109/visual.1990.146375,5390958a20f70186a0def678,doi
10.1109/visual.1996.568127,53e99b7fb7602d970242975b,doi
10.1109/scivis.2015.7429514,573698876e3b12023e746194,doi
10.1109/tvcg.2018.2865191,5c0f890cda562944ac9859f0,doi
10.1109/tvcg.2020.3030335,5f8821259fced0a24b0d9be1,doi
10.1109/tvcg.2023.3326582,64cc77ba3fda6d7f06aec657,doi
10.1109/tvcg.2010.157,5390ada620f70186a0ec24a3,doi
10.1109/visual.1997.663924,539087e620f70186a0d675a3,doi
10.1109/tvcg.2007.70529,53909f8c20f70186a0e3f78c,doi
10.1109/tvcg.2010.195,5390ada620f70186a0ec24d3,doi
10.1109/tvcg.2011.162,5390b20120f70186a0ee5095,doi
10.1109/vast.2009.5334426,558b605be4b037c0875c8cb5,doi
10.1109/tvcg.2019.2934798,5d3ad4d93a55ac70000b44e4,doi
10.1109/tvcg.2023.3327396,64d9a6873fda6d7f061d37aa,doi
10.1109/tvcg.2023.3326914,6539ff5c939a5f40823b0510,doi
10.1109/vast.2009.5332610,53e9a480b7602d9702d9cf1c,doi
10.1109/tvcg.2021.3114780,611227445244ab9dcb2148b9,doi
10.1109/infvis.2000.885088,53908cde20f70186a0dcd8a6,doi
10.1109/visual.1997.663919,539087e620f70186a0d6759e,doi
10.1109/visual.1998.745300,539087eb20f70186a0d6c0aa,doi
10.1109/visual.1999.809925,539087f820f70186a0d72a82,doi
10.1109/visual.1995.480808,53908bcc20f70186a0dc6cdc,doi
10.1109/tvcg.2017.2744079,59ae0cda0cf284510fa8b430,doi
10.1109/visual.2004.56,5390979920f70186a0e00565,doi
10.1109/tvcg.2006.179,53909a9320f70186a0e21a87,doi
10.1109/tvcg.2011.208,5390b20120f70186a0ee505a,doi
10.1109/vast.2017.8585647,5c38b5583a55acc9e54e226b,doi
10.1109/tvcg.2019.2934536,5d4409be3a55acdd76472413,doi
10.1109/tvcg.2019.2934307,5d513ad13a55ac3e91dfe23e,doi
10.1109/tvcg.2012.233,53e9a026b7602d9702907367,doi
10.1109/infvis.2004.27,5390979920f70186a0e010be,doi
10.1109/tvcg.2012.244,53e9b65bb7602d97041bd8c3,doi
10.1109/tvcg.2024.3456369,66d1299d01d2a3fbfce23dd7,doi
10.1109/vast.2011.6102488,558b3045e4b031bae1fbfef3,doi
10.1109/tvcg.2014.2346293,558c148184ae6766fdf0ee37,doi
10.1109/vast.2015.7347673,573697316e3b12023e6215d7,doi
10.1109/tvcg.2019.2934370,5d270b1b3a55ac3e2533fd43,doi
10.1109/tvcg.2019.2934538,5d4409be3a55acdd764723f7,doi
10.1109/visual.1999.809913,539087f820f70186a0d72a76,doi
10.1109/tvcg.2013.124,5390be6620f70186a0f4bbc4,doi
10.1109/vast.2015.7347632,5666e89a0cf21b6358415076,doi
10.1109/tvcg.2024.3456353,66bac1ca01d2a3fbfcd43835,doi
10.1109/tvcg.2009.141,5390a6d920f70186a0e87dab,doi
10.1109/tvcg.2010.183,5390ada620f70186a0ec24be,doi
10.1109/tvcg.2011.160,5390b20120f70186a0ee505f,doi
10.1109/tvcg.2020.3030333,5f7eef1891e011a5faf1002a,doi
10.1109/visual.1996.567608,539087dd20f70186a0d62837,doi
10.1109/infvis.2004.28,5390979920f70186a0e010e6,doi
10.1109/visual.2003.1250399,539098b820f70186a0e0a6ea,title
10.1109/tvcg.2010.162,5390ada620f70186a0ec24a5,doi
10.1109/tvcg.2020.3030460,5f57699591e011f4c3d5dd45,doi
10.1109/tvcg.2021.3114839,60f572715244ab9dcb1f74dc,doi
10.1109/visual.1999.809902,539087f820f70186a0d72a6b,doi
10.1109/visual.2002.1183815,539089ab20f70186a0d96b69,doi
10.1109/tvcg.2007.70552,53909f8c20f70186a0e3f79f,doi
10.1109/vast.2012.6400557,5390bae520f70186a0f3b1cc,doi
10.1109/visual.1999.809901,539087f820f70186a0d72a6a,doi
10.1109/vast.2007.4389015,5390a45620f70186a0e733e6,doi
10.1109/tvcg.2017.2744938,59ae0cda0cf284510fa8b404,doi
10.1109/visual.2004.82,5390979920f70186a0e0055f,doi
10.1109/tvcg.2009.109,5390a6d920f70186a0e87db7,doi
10.1109/tvcg.2024.3456319,66b1846001d2a3fbfc5fc146,doi
10.1109/visual.1998.745330,539087eb20f70186a0d6c0f2,doi
10.1109/visual.1995.485171,53908bcc20f70186a0dc6cbc,doi
10.1109/tvcg.2014.2346324,55503f9145ce0a409eb2ecae,doi
10.1109/vast.2015.7347629,573697316e3b12023e621686,doi
10.1109/tvcg.2018.2864475,5c0f8a56da562944ac9af2c2,doi
10.1109/tvcg.2021.3114874,6156e6665244ab9dcb5500a3,doi
10.1109/tvcg.2022.3209448,62708f625aee126c0fa692a8,doi
10.1109/visual.2002.1183825,539089ab20f70186a0d96b73,doi
10.1109/tvcg.2006.182,53909a9320f70186a0e21a97,doi
10.1109/tvcg.2021.3114854,6156e6665244ab9dcb54fe92,doi
10.1109/tvcg.2016.2598920,58437713ac44360f1082cbe5,doi
10.1109/infvis.1995.528680,53908cde20f70186a0dcd85b,doi
10.1109/tvcg.2008.118,5390a28020f70186a0e62b92,doi
10.1109/tvcg.2008.186,5390a28020f70186a0e62bc1,doi
10.1109/vast.2011.6102482,558b3045e4b031bae1fbfef6,doi
10.1109/tvcg.2020.3030412,5cf828233a55ac460c40a8c4,doi
10.1109/tvcg.2021.3114782,60f769015244ab9dcb2d00b2,doi
10.1109/visual.1990.146384,5390958a20f70186a0def681,doi
10.1109/tvcg.2014.2346403,55503f9145ce0a409eb2ec8f,doi
10.1109/tvcg.2018.2865235,5c0f890cda562944ac9859f8,doi
10.1109/tvcg.2024.3456355,66b96bb301d2a3fbfcb647c4,doi
10.1109/visual.1999.809891,539087f820f70186a0d72a43,doi
10.1109/visual.1995.485146,53908bcc20f70186a0dc6ce9,doi
10.1109/tvcg.2008.180,5390a28020f70186a0e62b9b,doi
10.1109/tvcg.2012.189,5390b78a20f70186a0f241e4,doi
10.1109/tvcg.2007.70581,53909f8c20f70186a0e3f768,doi
10.1109/visual.1995.480790,53908bcc20f70186a0dc6cc2,doi
10.1109/tvcg.2011.254,5390b20120f70186a0ee5060,doi
10.1109/tvcg.2020.3030363,5f55fa4591e011c84a4758cf,doi
10.1109/visual.2002.1183818,539089ab20f70186a0d96b6c,doi
10.1109/tvcg.2012.236,53e9ad18b7602d97036f8722,doi
10.1109/visual.1998.745289,558a8713e4b0b32fcb37586a,doi
10.1109/tvcg.2021.3114868,6110a5c85244ab9dcb321c08,doi
10.1109/tvcg.2007.70555,53909f8c20f70186a0e3f793,doi
10.1109/tvcg.2011.170,5390b20120f70186a0ee5089,doi
10.1109/tvcg.2018.2865146,5c0f8a56da562944ac9af2c6,doi
10.1109/tvcg.2019.2934256,5d270b1b3a55ac3e2533fcba,doi
10.1109/tvcg.2021.3114759,6108cc445244ab9dcbf50339,doi
10.1109/tvcg.2022.3209459,6304455590e50fcafd12c6b0,doi
10.1109/tvcg.2022.3209435,6347eceb90e50fcafd3ba402,doi
10.1109/tvcg.2023.3327107,643e0ace0746dc40e3418b10,doi
10.1109/visual.2002.1183760,539089ab20f70186a0d96b32,doi
10.1109/infvis.2004.46,5390979920f70186a0e010d2,doi
10.1109/tvcg.2016.2598618,58437713ac44360f1082cc02,doi
10.1109/tvcg.2020.3030448,5f2bca1691e011b36ba9cd27,doi
10.1109/tvcg.2021.3114857,6156e6655244ab9dcb54fe1e,doi
10.1109/tvcg.2024.3456345,6698789301d2a3fbfc542f00,doi
10.1109/visual.1998.745345,539087eb20f70186a0d6c10c,doi
10.1109/visual.2000.885698,5390881220f70186a0d7e17e,doi
10.1109/visual.1992.235220,53e9980eb7602d9702027e1c,doi
10.1109/visual.1999.809896,539087f820f70186a0d72a65,doi
10.1109/tvcg.2009.156,5390a6d920f70186a0e87d96,doi
10.1109/tvcg.2013.161,5390be6620f70186a0f4bbad,doi
10.1109/tvcg.2021.3114810,61109ec15244ab9dcb2e5e92,doi
10.1109/visual.2001.964528,539089ab20f70186a0d96aae,doi
10.1109/tvcg.2019.2934282,5d4800593a55ac01b0f8fefc,doi
10.1109/visual.1997.663915,539087e620f70186a0d6759a,doi
10.1109/visual.1992.235202,5390958a20f70186a0def6ff,doi
10.1109/tvcg.2020.3030419,5f4f66c391e0111f07b30936,doi
10.1109/tvcg.2023.3326591,64dafb293fda6d7f064e2a63,doi
10.1109/tvcg.2024.3456334,66a302d601d2a3fbfc461d3d,doi
10.1109/visual.1998.745334,539087eb20f70186a0d6c0f7,doi
10.1109/visual.2004.124,5390979920f70186a0e0057f,doi
10.1109/tvcg.2007.70593,53909f8c20f70186a0e3f7a3,doi
10.1109/visual.1995.485169,53e99fd6b7602d97028af762,doi
10.1109/tvcg.2014.2346424,557c53346feeaa8086d99f6a,doi
10.1109/tvcg.2018.2864510,5c0f88edda562944ac98167a,doi
10.1109/tvcg.2020.3030473,5f609d8b91e0113805870237,doi
10.1109/visual.1996.567800,539087dd20f70186a0d6285c,doi
10.1109/visual.2000.885692,5390881220f70186a0d7e177,doi
10.1109/visual.2000.885715,5390881220f70186a0d7e193,doi
10.1109/tvcg.2007.70604,53909f8c20f70186a0e3f7a6,doi
10.1109/tvcg.2008.129,5390a28020f70186a0e62bba,doi
10.1109/tvcg.2016.2598868,58437713ac44360f1082cc1e,doi
10.1109/tvcg.2017.2743898,59ae0cdb0cf284510fa8b443,doi
10.1109/visual.2002.1183773,539089ab20f70186a0d96b3f,doi
10.1109/visual.1990.146396,557db4aa6fee0fe990ca381b,doi
10.1109/tvcg.2021.3114798,611232dc5244ab9dcb2ccfed,doi
10.1109/tvcg.2022.3209385,633d610d90e50fcafd1d899a,doi
10.1109/tvcg.2022.3209473,62fb0af090e50fcafd5fa809,doi
10.1109/tvcg.2014.2346321,557c48ff08b02739a5ca33a6,doi
10.1109/vast.2016.7883515,599c7c2d601a182cd2790e75,doi
10.1109/tvcg.2019.2934261,5d4409be3a55acdd764724ba,doi
10.1109/tvcg.2020.3030357,5f50c04291e01182e6923a77,doi
10.1109/tvcg.2021.3114865,6156e6665244ab9dcb5500f7,doi
10.1109/tvcg.2022.3209462,62f3220990e50fcafd1158a3,doi
10.1109/tvcg.2010.176,5390ada620f70186a0ec24af,doi
10.1109/tvcg.2013.155,5390be6620f70186a0f4bbce,doi
10.1109/scivis.2015.7429489,573698876e3b12023e74617e,doi
10.1109/tvcg.2020.3030368,5f576ab791e011f4c3d5dd5b,doi
10.1109/visual.1999.809866,539087f820f70186a0d72a2c,doi
10.1109/tvcg.2006.136,53909a9320f70186a0e21a88,doi
10.1109/tvcg.2011.207,5390b20120f70186a0ee5069,doi
10.1109/tvcg.2013.166,5390be6620f70186a0f4bbc5,doi
10.1109/tvcg.2012.280,53e9a04ab7602d97029327d8,doi
10.1109/tvcg.2016.2598444,58437713ac44360f1082cbca,doi
10.1109/visual.1991.175786,5390958a20f70186a0def6b2,doi
10.1109/infvis.2004.11,5390979920f70186a0e010d7,doi
10.1109/infvis.2003.1249008,5390aeba20f70186a0ecaff0,doi
10.1109/visual.1998.745322,558a871de4b0b32fcb3758aa,doi
10.1109/tvcg.2022.3209483,6302f3ab90e50fcafd5b3291,doi
10.1109/tvcg.2022.3209409,6334267f90e50fcafd6a4a12,doi
10.1109/visual.1996.568124,539087dd20f70186a0d62a49,doi
10.1109/visual.2002.1183807,539089ab20f70186a0d96b61,doi
10.1109/tvcg.2011.228,5390b20120f70186a0ee503d,doi
10.1109/infvis.2002.1173162,53908cde20f70186a0dcd8da,doi
10.1109/tvcg.2008.170,5390a28020f70186a0e62bd7,doi
10.1109/vast.2007.4389001,5390a45620f70186a0e733d9,doi
10.1109/vast.2008.4677359,53e9b3cdb7602d9703eb760b,doi
10.1109/tvcg.2021.3114850,6156e6665244ab9dcb550045,doi
10.1109/tvcg.2023.3327367,64d30f2d3fda6d7f06f6c349,doi
10.1109/tvcg.2023.3326932,64ffca703fda6d7f06cd8ae9,doi
10.1109/visual.1998.745335,539087eb20f70186a0d6c0f8,doi
10.1109/tvcg.2012.274,53e9acbcb7602d9703697590,doi
10.1109/vast.2011.6102489,558b3047e4b031bae1fbff03,doi
10.1109/vast.2009.5333245,558b5f90e4b031bae1fd08c6,doi
10.1109/tvcg.2021.3114860,6147fba55244ab9dcb1b5476,doi
10.1109/tvcg.2023.3327376,6541e8ce939a5f4082c23028,doi
10.1109/tvcg.2008.133,5390a28020f70186a0e62bc5,doi
10.1109/vast.2008.4677350,5390a5dc20f70186a0e7eb91,title
10.1109/tvcg.2009.164,5390a6d920f70186a0e87d8e,doi
10.1109/tvcg.2010.154,5390ada620f70186a0ec24c6,doi
10.1109/vast.2016.7883520,599c7c2d601a182cd2790f9e,doi
10.1109/tvcg.2023.3327201,64c9d51e3fda6d7f0637c9e9,doi
10.1109/visual.2001.964549,539089ab20f70186a0d96ac2,doi
10.1109/tvcg.2012.281,558b656e84ae84d265c32478,doi
10.1109/infvis.2001.963277,53908cde20f70186a0dcd8c1,doi
10.1109/visual.1990.146419,5390958a20f70186a0def6a2,doi
10.1109/tvcg.2009.166,5390a6d920f70186a0e87de1,doi
10.1109/vast.2010.5653598,53e9b4e4b7602d970400b663,doi
10.1109/tvcg.2015.2467671,5687e2c10cf2afdcd165fd1f,doi
10.1109/vast.2015.7347684,573697316e3b12023e6215b9,doi
10.1109/tvcg.2017.2744818,59ae0cda0cf284510fa8b408,doi
10.1109/vast.2017.8585484,5c38b5583a55acc9e54e2248,doi
10.1109/visual.2002.1183790,53e9b2ffb7602d9703dbf614,doi
10.1109/tvcg.2017.2745078,59ae0cda0cf284510fa8b403,doi
10.1109/tvcg.2023.3327398,64b76c703fda6d7f068eeca5,doi
10.1109/visual.1997.663862,539087e620f70186a0d67547,doi
10.1109/tvcg.2007.70590,53909f8c20f70186a0e3f7a8,doi
10.1109/tvcg.2008.134,5390a28020f70186a0e62b96,doi
10.1109/vast.2010.5650251,53e9b2d1b7602d9703d7eaf7,doi
10.1109/visual.2002.1183824,539089ab20f70186a0d96b72,doi
10.1109/infvis.2005.1532128,5390990f20f70186a0e1002d,doi
10.1109/tvcg.2018.2864432,5b8c9f5317c44af36f8b7621,doi
10.1109/visual.1993.398884,5390958a20f70186a0def78a,doi
10.1109/vast.2015.7347689,573697316e3b12023e6215d4,doi
10.1109/tvcg.2020.3030450,5f4f613591e0111f07b308a8,doi
10.1109/tvcg.2014.2346325,55503f9045ce0a409eb2ebf1,doi
10.1109/tvcg.2018.2864909,5c0f890cda562944ac9859cf,doi
10.1109/tvcg.2019.2934537,5d63ae47ed7e9c7926557da5,doi
10.1109/tvcg.2007.70623,539099a220f70186a0e179ef,doi
10.1109/vast.2011.6102466,53e9b0c7b7602d9703b3e2b7,doi
10.1109/visual.1994.346298,53e9b160b7602d9703be5166,doi
10.1109/tvcg.2018.2864503,5c0f88edda562944ac981676,doi
10.1109/infvis.2004.8,5390979920f70186a0e010c5,doi
10.1109/tvcg.2012.259,53e9a082b7602d970296d943,doi
10.1109/tvcg.2018.2865026,5c0f890cda562944ac9859da,doi
10.1109/tvcg.2019.2934255,5d5e685ded7e9c7926549787,doi
10.1109/infvis.2004.25,5390979920f70186a0e010c0,doi
10.1109/tvcg.2007.70569,53909f8c20f70186a0e3f79a,doi
10.1109/tvcg.2011.171,5390b20120f70186a0ee508c,doi
10.1109/tvcg.2015.2466992,563b69d10cf20b987890bc96,doi
10.1109/tvcg.2016.2599338,57c8df0b0cf2750fe42358d8,doi
10.1109/vast47406.2019.8986918,5e63725b91e011ae97a69e49,doi
10.1109/tvcg.2009.147,5390a6d920f70186a0e87d91,doi
10.1109/visual.2001.964546,53e9a70bb7602d97030411d2,doi
10.1109/tvcg.2012.288,558b657c84ae84d265c324bc,doi
10.1109/tvcg.2016.2598586,58437713ac44360f1082cc1f,doi
10.1109/tvcg.2024.3456368,669f0e2701d2a3fbfc0a50d8,doi
10.1109/vast.2014.7042488,556b080a2401145136744a8e,doi
10.1109/tvcg.2016.2598592,58437713ac44360f1082cbf8,doi
10.1109/tvcg.2020.3030464,5f4e2f2291e011084df59e95,doi
10.1109/visual.1996.568111,539087dd20f70186a0d62a14,doi
10.1109/visual.1997.663866,539087e620f70186a0d6754c,doi
10.1109/tvcg.2014.2346984,557c79d8f66765fbb46b482a,doi
10.1109/visual.1993.398903,558a2c9de4b031bae1f61a28,doi
10.1109/visual.2002.1183776,539089ab20f70186a0d96b42,doi
10.1109/visual.2003.1250417,539098b820f70186a0e0a6fd,doi
10.1109/tvcg.2008.177,5390a28020f70186a0e62ba0,doi
10.1109/tvcg.2013.169,5390be6620f70186a0f4bb9c,doi
10.1109/vast50239.2020.00008,64d471653fda6d7f06967b40,doi
10.1109/visual.1997.663900,539087e620f70186a0d67589,doi
10.1109/visual.2004.111,5390979920f70186a0e00572,doi
10.1109/tvcg.2013.125,5390be6620f70186a0f4bbe9,doi
10.1109/tvcg.2019.2934284,5d4800593a55ac01b0f8fec9,doi
10.1109/tvcg.2011.169,5390b20120f70186a0ee5046,doi
10.1109/vast.2016.7883519,599c7c2d601a182cd2791047,doi
10.1109/tvcg.2020.3030344,5f3e479f91e011c0de1c2a04,doi
10.1109/tvcg.2022.3209434,63357b8490e50fcafd1c2c70,doi
10.1109/visual.1994.346319,5390958a20f70186a0defa9f,doi
10.1109/tvcg.2010.216,5390ada620f70186a0ec24b7,doi
10.1109/tvcg.2014.2346893,55503f9145ce0a409eb2ec8c,doi
10.1109/tvcg.2016.2598466,58437713ac44360f1082cbc6,doi
10.1109/visual.2004.75,53908e0020f70186a0dd4a46,doi
10.1109/infvis.2003.1249029,5390aeba20f70186a0ecb005,doi
10.1109/tvcg.2024.3456381,66d1299c01d2a3fbfce23d33,doi
10.1109/tvcg.2024.3456392,66e0d5b901d2a3fbfc92c1e6,doi
10.1109/tvcg.2022.3209444,6764e47eae8580e7ffbee1dc,doi
10.1109/visual.2002.1183826,539089ab20f70186a0d96b74,doi
10.1109/vast.2007.4389018,5390a45620f70186a0e733e9,doi
10.1109/visual.1995.485152,53e9b77cb7602d9704321dae,doi
10.1109/tvcg.2022.3209477,62f3220a90e50fcafd115903,doi
10.1109/tvcg.2022.3209497,631aaefe90e50fcafdaf990a,doi
10.1109/visual.2001.964508,539089ab20f70186a0d96a9a,doi
10.1109/tvcg.2018.2865240,5c0f890cda562944ac9859fa,doi
10.1109/tvcg.2019.2934432,5d3ed2653a55ac61d998583d,doi
10.1109/tvcg.2022.3209405,62f3220a90e50fcafd115a54,doi
10.1109/tvcg.2023.3326577,6538ade6939a5f4082b0b4f9,doi
10.1109/visual.1999.809877,539087f820f70186a0d72a37,doi
10.1109/tvcg.2006.189,53909a9320f70186a0e21ab5,doi
10.1109/tvcg.2009.201,5390a6d920f70186a0e87dba,doi
10.1109/tvcg.2008.153,558b09f084ae84d265c122d7,doi
10.1109/visual.1992.235175,53e9a026b7602d9702908e7a,doi
10.1109/tvcg.2016.2598828,58437713ac44360f1082cbd4,doi
10.1109/tvcg.2016.2598825,58437713ac44360f1082cc35,doi
10.1109/visual.1997.663856,539087e620f70186a0d6753b,doi
10.1109/tvcg.2009.160,5390a6d920f70186a0e87d9b,doi
10.1109/tvcg.2016.2598620,58437713ac44360f1082cbd8,doi
10.1109/tvcg.2019.2934264,5d42baea3a55ac0e3f2739c6,doi
10.1109/tvcg.2024.3456401,6156e6665244ab9dcb550086,doi
10.1109/tvcg.2023.3327192,64d1bde83fda6d7f06ec3d33,doi
10.1109/infvis.2000.885086,539089bb20f70186a0d988bf,doi
10.1109/visual.1990.146387,5390958a20f70186a0def684,doi
10.1109/visual.2004.74,5390979920f70186a0e00580,doi
10.1109/tvcg.2015.2467153,563b69d10cf20b987890bc87,doi
10.1109/tvcg.2023.3326583,64d5b2153fda6d7f060cffa5,doi
10.1109/tvcg.2024.3456150,66e8c1fe01d2a3fbfc932a72,doi
10.1109/visual.1996.567807,539087dd20f70186a0d62860,doi
10.1109/tvcg.2010.191,5390ada620f70186a0ec249c,doi
10.1109/tvcg.2011.216,5390b20120f70186a0ee5034,doi
10.1109/tvcg.2011.179,5390b20120f70186a0ee5065,doi
10.1109/tvcg.2012.208,53e9b1ddb7602d9703c6f35c,doi
10.1109/tvcg.2014.2346445,557c849a08b02739a5ca8dd6,doi
10.1109/tvcg.2020.3029413,5f61dde391e011fae8fd6a0c,doi
10.1109/visual.1994.346311,5390958a20f70186a0defaa7,doi
10.1109/vast.2009.5333895,53e9a658b7602d9702f89b1e,doi
10.1109/tvcg.2014.2346434,55503f9045ce0a409eb2ebe6,doi
10.1109/vast.2015.7347675,573697316e3b12023e621574,doi
10.1109/visual.1996.568123,539087dd20f70186a0d62a46,doi
10.1109/visual.2002.1183785,539089ab20f70186a0d96b4b,title
10.1109/vast.2007.4389016,5390a45620f70186a0e733e7,doi
10.1109/tvcg.2013.193,5390be6620f70186a0f4bba8,doi
10.1109/tvcg.2014.2346420,557c813ef66765fbb46b55d6,doi
10.1109/tvcg.2022.3209408,6334267f90e50fcafd6a4a10,doi
10.1109/tvcg.2017.2745158,59ae0cda0cf284510fa8b3f9,doi
10.1109/tvcg.2020.3030429,5f954e8e9fced0a24b1798fa,doi
10.1109/tvcg.2023.3326586,64c9d5313fda6d7f0637e692,doi
10.1109/visual.2000.885683,5390881220f70186a0d7e16b,doi
10.1109/tvcg.2008.122,5390a28020f70186a0e62b97,doi
10.1109/vast.2011.6102477,558b3045e4b031bae1fbfefa,doi
10.1109/tvcg.2017.2744058,59ae0cda0cf284510fa8b433,doi
10.1109/tvcg.2019.2934286,5d5e685ded7e9c7926549792,doi
10.1109/tvcg.2014.2346292,557c722bf66765fbb46b39c0,doi
10.1109/tvcg.2022.3209428,63180bf590e50fcafded7834,doi
10.1109/tvcg.2023.3327187,658aa54c939a5f4082e87d74,doi
10.1109/tvcg.2009.176,5390a6d920f70186a0e87da9,doi
10.1109/tvcg.2014.2346277,558c147884ae6766fdf0edfb,doi
10.1109/tvcg.2017.2745105,59ae0cda0cf284510fa8b3ff,doi
10.1109/tvcg.2021.3114828,60f77c975244ab9dcb370acd,doi
10.1109/vast.2012.6400543,5390bae520f70186a0f3b1be,title
10.1109/tvcg.2016.2598591,58437713ac44360f1082cbe1,doi
10.1109/vast.2016.7883517,599c7c2d601a182cd2790f5c,doi
10.1109/tvcg.2011.218,5390b20120f70186a0ee5086,doi
10.1109/visual.1997.663891,539087e620f70186a0d67574,doi
10.1109/visual.2002.1183777,539089ab20f70186a0d96b43,doi
10.1109/visual.2004.47,5390979920f70186a0e00593,doi
10.1109/tvcg.2013.178,5390be6620f70186a0f4bbb7,doi
10.1109/tvcg.2020.3030451,5f5755c091e011f4c3d5db2e,doi
10.1109/visual.2002.1183799,539089ab20f70186a0d96b59,doi
10.1109/visual.2003.1250359,539098b820f70186a0e0a6c3,doi
10.1109/tvcg.2010.180,5390ada620f70186a0ec249b,doi
10.1109/tvcg.2014.2346260,557c485508b02739a5ca3278,doi
10.1109/tvcg.2020.3030433,5f8821259fced0a24b0d9c6b,doi
10.1109/visual.1991.175787,539089bb20f70186a0d98e25,title
10.1109/infvis.2000.885089,53908cde20f70186a0dcd8a3,doi
10.1109/visual.2004.59,5390979920f70186a0e0052b,doi
10.1109/vast.2010.5652443,53e99bc6b7602d970246f87e,doi
10.1109/vast.2010.5652532,53e99dc5b7602d9702688845,doi
10.1109/tvcg.2019.2934258,5d382d343a55acd990ee986a,doi
10.1109/tvcg.2020.3030409,5f1977fb91e01182befeebdc,doi
10.1109/vast.2011.6102472,53e9a343b7602d9702c4c801,doi
10.1109/tvcg.2013.194,5390be6620f70186a0f4bba1,doi
10.1109/vast.2010.5652922,558be28c84ae6766fdefccec,doi
10.1109/tvcg.2016.2598604,58437713ac44360f1082cc0f,doi
10.1109/tvcg.2022.3209382,6331182b90e50fcafdcbbb32,doi
10.1109/vast.2008.4677376,5390a5b020f70186a0e7cad2,doi
10.1109/tvcg.2015.2468031,563b69d10cf20b987890bc81,doi
10.1109/tvcg.2015.2467435,563b69d10cf20b987890bc8c,doi
10.1109/tvcg.2018.2864885,5c0f890cda562944ac9859c7,doi
10.1109/visual.1998.745290,539087eb20f70186a0d6c09d,doi
10.1109/tvcg.2018.2864841,5c0f88edda562944ac98168e,doi
10.1109/tvcg.2020.3030476,5f8821259fced0a24b0d9acb,doi
10.1109/visual.1995.480814,53908bcc20f70186a0dc6ce3,doi
10.1109/infvis.1997.636794,53908cde20f70186a0dcd87b,doi
10.1109/visual.1994.346284,5390958a20f70186a0defabf,doi
10.1109/visual.2003.1250420,539098b820f70186a0e0a700,doi
10.1109/tvcg.2009.123,5390a6d920f70186a0e87dc7,doi
10.1109/vast.2006.261433,53e9b35ab7602d9703e391c1,doi
10.1109/tvcg.2021.3114800,6110a6045244ab9dcb3232eb,doi
10.1109/tvcg.2024.3456192,66b0342001d2a3fbfcdce9b2,doi
10.1109/tvcg.2009.117,5390a6d920f70186a0e87db1,doi
10.1109/tvcg.2024.3456385,66d1299d01d2a3fbfce23e1d,doi
10.1109/visual.1999.809869,539087f820f70186a0d72a2e,doi
10.1109/tvcg.2023.3327388,6396cad990e50fcafd2ffb31,doi
10.1109/visual.1998.745349,539087eb20f70186a0d6c112,title
10.1109/visual.1990.146417,5390958a20f70186a0def6a0,doi
10.1109/vast47406.2019.8986909,5c2c7a9217c44a4e7cf31980,doi
10.1109/vast.2006.261417,53e9a131b7602d9702a23dbd,doi
10.1109/tvcg.2014.2346447,557c4ccbf66765fbb46ae159,doi
10.1109/tvcg.2012.245,558b657584ae84d265c32496,doi
10.1109/tvcg.2015.2467612,563b69d20cf20b987890bcae,doi
10.1109/tvcg.2023.3327152,64ec1b763fda6d7f0626f3f4,doi
10.1109/tvcg.2022.3209367,66c62fb96c88b2fc28ed2977,doi
10.1109/visual.1997.663875,539087d420f70186a0d5f475,doi
10.1109/tvcg.2023.3326569,64bf48f93fda6d7f062745bc,doi
10.1109/visual.2001.964539,539089ab20f70186a0d96ab8,doi
10.1109/scivis.2015.7429512,573698876e3b12023e746189,doi
10.1109/tvcg.2016.2598826,58437713ac44360f1082cc17,doi
10.1109/tvcg.2019.2934546,5d2da1a93a55acd1016fadf7,doi
10.1109/visual.1991.175782,5390958a20f70186a0def6af,doi
10.1109/tvcg.2009.197,5390a6d920f70186a0e87d9a,doi
10.1109/tvcg.2024.3456142,66b5782901d2a3fbfcb6e633,doi
10.1109/visual.1997.663865,539087e620f70186a0d6754b,doi
10.1109/tvcg.2015.2467200,5687df140cf2afdcd165fae2,doi
10.1109/tvcg.2017.2744718,599c795f601a182cd2635d1b,doi
10.1109/tvcg.2023.3326931,64c33dc33fda6d7f069586e8,doi
10.1109/visual.1998.745323,539087eb20f70186a0d6c0e2,doi
10.1109/tvcg.2006.115,53909a9320f70186a0e21ada,doi
10.1109/tvcg.2007.70530,53909f8c20f70186a0e3f773,doi
10.1109/tvcg.2009.127,5390a6d920f70186a0e87dc0,doi
10.1109/tvcg.2016.2598958,58437713ac44360f1082cbb8,doi
10.1109/tvcg.2021.3114829,6156e6665244ab9dcb54ff7f,doi
10.1109/vast.2007.4389004,5390a45620f70186a0e733dc,doi
10.1109/tvcg.2013.188,5390be6620f70186a0f4bbfb,doi
10.1109/vast.2015.7347631,573697316e3b12023e621529,doi
10.1109/tvcg.2023.3327178,64ba03413fda6d7f0627320c,doi
10.1109/tvcg.2024.3456407,66e0d5b801d2a3fbfc92c10d,doi
10.1109/visual.1997.663914,539087e620f70186a0d67599,doi
10.1109/visual.2002.1183764,539089ab20f70186a0d96b36,doi
10.1109/visual.1991.175810,5390958a20f70186a0def6c5,doi
10.1109/visual.2004.24,5390979920f70186a0e00569,doi
10.1109/visual.1991.175811,5390958a20f70186a0def6c6,doi
10.1109/tvcg.2013.139,5390be6620f70186a0f4bb9e,doi
10.1109/tvcg.2018.2865158,5c0f890cda562944ac9859ee,doi
10.1109/tvcg.2022.3209466,63357b8490e50fcafd1c2c59,doi
10.1109/visual.1999.809885,539087f820f70186a0d72a3d,doi
10.1109/tvcg.2008.164,5390a28020f70186a0e62bd5,doi
10.1109/visual.1990.146401,5390958a20f70186a0def692,doi
10.1109/visual.2005.1532787,558a8f4ce4b031bae1f859de,title
10.1109/visual.1999.809899,539087f820f70186a0d72a68,doi
10.1109/tvcg.2021.3114803,6156e6655244ab9dcb54fe5b,doi
10.1109/visual.2004.104,5390979920f70186a0e00554,doi
10.1109/tvcg.2006.169,53909a9320f70186a0e21ad8,doi
10.1109/tvcg.2008.110,5390a28020f70186a0e62b9d,doi
10.1109/visual.1999.809870,539087f820f70186a0d72a30,title
10.1109/visual.2002.1183761,539089ab20f70186a0d96b33,doi
10.1109/infvis.2004.6,5390979920f70186a0e010da,doi
10.1109/vast.2012.6400560,5390bae520f70186a0f3b1cf,doi
10.1109/tvcg.2018.2864808,5c0f88edda562944ac98167f,doi
10.1109/tvcg.2020.3030418,5eabf34c91e011664ffd2a2e,doi
10.1109/tvcg.2023.3327371,653b50f3939a5f40823474b1,doi
10.1109/visual.1994.346296,539089bb20f70186a0d98ee7,title
10.1109/visual.2004.29,5390979920f70186a0e0055b,doi
10.1109/tvcg.2013.156,5390be6620f70186a0f4bb96,doi
10.1109/tvcg.2017.2743938,59ae0cdb0cf284510fa8b441,doi
10.1109/tvcg.2020.3030423,5f3ba02c91e0110589e899bf,doi
10.1109/visual.1999.10189410,539087f820f70186a0d72a2f,doi
10.1109/tvcg.2013.167,5390be6620f70186a0f4bb98,doi
10.1109/tvcg.2017.2745320,59ae0cda0cf284510fa8b3ee,doi
10.1109/tvcg.2018.2865077,5c0f890cda562944ac9859e4,doi
10.1109/tvcg.2020.3030347,5eb78a29da5629cf24430ce5,doi
10.1109/tvcg.2023.3327366,653b50f3939a5f40823474b6,doi
10.1109/tvcg.2023.3326520,65472ee2939a5f408243d373,doi
10.1109/tvcg.2024.3456344,66b429c901d2a3fbfc927ab5,doi
10.1109/visual.2002.1183789,539089ab20f70186a0d96b4f,doi
10.1109/visual.2003.1250409,539098b820f70186a0e0a6f4,doi
10.1109/tvcg.2006.164,53909a9320f70186a0e21aa7,doi
10.1109/tvcg.2011.219,5390b20120f70186a0ee5062,doi
10.1109/infvis.2002.1173159,53e99ca8b7602d9702558fc9,doi
10.1109/visual.2001.964542,53e99df7b7602d97026b6e5a,doi
10.1109/tvcg.2024.3456333,66a1b12601d2a3fbfc21f525,doi
10.1109/visual.2001.964541,539089ab20f70186a0d96aba,doi
10.1109/visual.1991.175776,5390958a20f70186a0def6aa,doi
10.1109/tvcg.2015.2467992,563b69d10cf20b987890bc92,doi
10.1109/tvcg.2019.2934251,5cd9402ee1cd8e8e2dd15577,doi
10.1109/tvcg.2019.2934337,5d5e685ded7e9c792654979e,doi
10.1109/tvcg.2007.70532,53909f8c20f70186a0e3f760,doi
10.1109/tvcg.2010.138,5390ada620f70186a0ec24a4,doi
10.1109/vast.2010.5652398,5390bd1520f70186a0f431cb,doi
10.1109/vast.2010.5653587,53e9aef7b7602d970392899a,doi
10.1109/tvcg.2016.2598838,58437713ac44360f1082cbe0,doi
10.1109/visual.2001.964527,539089ab20f70186a0d96aad,doi
10.1109/visual.2001.964537,539089ab20f70186a0d96ab6,doi
10.1109/tvcg.2010.134,5390ada620f70186a0ec2484,doi
10.1109/tvcg.2019.2934399,5d4409be3a55acdd7647240e,doi
10.1109/visual.1996.568150,539087dd20f70186a0d62ac7,doi
10.1109/vast.2012.6400486,5390bae520f70186a0f3b19e,doi
10.1109/tvcg.2012.248,558b657084ae84d265c32481,doi
10.1109/vast.2015.7347637,573697316e3b12023e62160b,doi
10.1109/tvcg.2018.2864768,5c0f8a3bda562944ac9abd5e,doi
10.1109/tvcg.2019.2934310,5d5e685ded7e9c7926549796,doi
10.1109/tvcg.2019.2934398,5d5e685ded7e9c79265497a4,doi
10.1109/visual.2001.964553,539089ab20f70186a0d96ac6,doi
10.1109/visual.1994.346303,5390958a20f70186a0defaaf,doi
10.1109/visual.2004.76,5390979920f70186a0e0056a,doi
10.1109/infvis.2004.42,5390979920f70186a0e010e0,doi
10.1109/tvcg.2006.163,53909a9320f70186a0e21ad3,doi
10.1109/tvcg.2009.199,5390a6d920f70186a0e87de3,doi
10.1109/tvcg.2011.167,53e99b95b7602d970243e216,doi
10.1109/tvcg.2017.2745280,59ae0cda0cf284510fa8b3f0,doi
10.1109/tvcg.2023.3326519,653b50f3939a5f40823474a3,doi
10.1109/tvcg.2013.196,5390be6620f70186a0f4bbc8,doi
10.1109/visual.1999.809939,53e9b45eb7602d9703f5cf3f,doi
10.1109/tvcg.2020.3030377,5f8821259fced0a24b0d9af3,doi
10.1109/tvcg.2024.3456402,66d12a5a01d2a3fbfce3fe79,doi
10.1109/infvis.2004.73,5390979920f70186a0e010e1,title
10.1109/tvcg.2008.136,5390a28020f70186a0e62bd2,doi
10.1109/tvcg.2015.2467754,5687e4330cf2afdcd165fdf4,doi
10.1109/tvcg.2022.3209490,6334267f90e50fcafd6a4a0d,doi
10.1109/visual.1999.809905,539087f820f70186a0d72a6e,doi
10.1109/tvcg.2006.187,53909a9320f70186a0e21a9a,doi
10.1109/tvcg.2008.116,5390a28020f70186a0e62bcc,doi
10.1109/tvcg.2023.3327150,64c1ec613fda6d7f06397390,doi
10.1109/tvcg.2023.3326516,64ec1b763fda6d7f0626f3d6,doi
10.1109/visual.2003.1250386,539098b820f70186a0e0a6de,doi
10.1109/tvcg.2007.70544,53909f8c20f70186a0e3f76a,doi
10.1109/visual.2000.885719,53e997aeb7602d9701f8aebb,doi
10.1109/tvcg.2011.206,5390b20120f70186a0ee5068,doi
10.1109/vast.2006.261424,53e9bd2bb7602d97049ba687,doi
10.1109/tvcg.2014.2346594,55503f9145ce0a409eb2ec96,doi
10.1109/vast.2008.4677372,558b0c00e4b037c0875ab4f0,doi
10.1109/infvis.2001.963295,53908cde20f70186a0dcd8b3,doi
10.1109/vast.2009.5334454,558b5fc9e4b0b32fcb3c42d2,doi
10.1109/visual.1997.663853,539087e620f70186a0d67534,doi
10.1109/visual.1994.346290,539089bb20f70186a0d98ee6,title
10.1109/tvcg.2009.139,5390a6d920f70186a0e87dcd,doi
10.1109/tvcg.2013.192,5390be6620f70186a0f4bbd1,doi
10.1109/vast.2006.261430,53e9b655b7602d97041b4a59,doi
10.1109/visual.1997.663886,539087e620f70186a0d67567,doi
10.1109/infvis.2004.4,5390979920f70186a0e010f3,doi
10.1109/tvcg.2020.3030392,5f8821259fced0a24b0d997e,doi
10.1109/visual.2004.5,5390979920f70186a0e00532,doi
10.1109/vast.2007.4389033,5390a45620f70186a0e733f6,doi
10.1109/visual.1999.809875,539087f820f70186a0d72a35,doi
10.1109/tvcg.2012.269,558b657084ae84d265c32482,doi
10.1109/tvcg.2015.2467191,5687dce40cf2afdcd165f9a8,doi
10.1109/tvcg.2016.2599211,58437713ac44360f1082cbf6,doi
10.1109/tvcg.2018.2864806,5c0f88edda562944ac98167e,doi
10.1109/visual.1998.745291,539087eb20f70186a0d6c09e,doi
10.1109/visual.2001.964503,539089ab20f70186a0d96a95,doi
10.1109/visual.2002.1183769,539089ab20f70186a0d96b3b,title
10.1109/tvcg.2007.70543,53909f8c20f70186a0e3f764,doi
10.1109/tvcg.2021.3114877,615837ee5244ab9dcb3c8f65,doi
10.1109/visual.2002.1183822,539089ab20f70186a0d96b70,doi
10.1109/visual.1993.398867,5390958a20f70186a0def779,doi
10.1109/tvcg.2020.3030410,5f23f26291e01144966d0a1d,doi
10.1109/tvcg.2020.3030437,5f4394c391e01165ef974b63,doi
10.1109/tvcg.2022.3209452,62ea18d35aee126c0fca12f8,doi
10.1109/tvcg.2014.2346920,55503f9045ce0a409eb2ec34,doi
10.1109/tvcg.2007.70536,53909f8c20f70186a0e3f795,doi
10.1109/visual.1995.485151,53e9b976b7602d9704567cc1,doi
10.1109/tvcg.2006.155,53909a9320f70186a0e21ac5,doi
10.1109/tvcg.2017.2745085,59ae0cda0cf284510fa8b401,doi
10.1109/tvcg.2015.2467091,5687dc290cf2afdcd165f940,doi
10.1109/vast.2015.7347680,573697316e3b12023e6214c6,doi
10.1109/tvcg.2022.3209430,633be64a90e50fcafd3833aa,doi
10.1109/visual.2004.89,5390979920f70186a0e00591,doi
10.1109/tvcg.2010.187,5390ada620f70186a0ec248e,doi
10.1109/tvcg.2016.2598831,57a4e91aac44365e35c979fa,doi
10.1109/visual.2002.1183755,539089ab20f70186a0d96b2e,doi
10.1109/visual.2004.51,5390979920f70186a0e0054e,doi
10.1109/tvcg.2006.151,53909a9320f70186a0e21acd,doi
10.1109/tvcg.2019.2934401,5d42baea3a55ac0e3f27394d,doi
10.1109/tvcg.2019.2934603,5d42baea3a55ac0e3f273ae5,doi
10.1109/tvcg.2023.3326905,64c731d03fda6d7f068243cc,doi
10.1109/visual.2001.964560,539089ab20f70186a0d96acc,doi
10.1109/tvcg.2011.233,5390b20120f70186a0ee5050,doi
10.1109/tvcg.2012.198,53e9b349b7602d9703e1def4,doi
10.1109/tvcg.2014.2346456,55503f9045ce0a409eb2ec0e,doi
10.1109/tvcg.2012.227,558b657684ae84d265c3249f,doi
10.1109/tvcg.2015.2466971,5687dc5a0cf2afdcd165f95a,doi
10.1109/vast.2018.8802383,5d610c3c3a55ac9ed9d7f000,doi
10.1109/tvcg.2020.3030353,5f4f626391e0111f07b308c9,doi
10.1109/visual.2001.964495,539089ab20f70186a0d96a8d,doi
10.1109/visual.1994.346323,5390958a20f70186a0defa9b,doi
10.1109/tvcg.2024.3456182,66a1b12601d2a3fbfc21f30d,doi
10.1109/tvcg.2012.253,53e9accbb7602d97036a89c0,doi
10.1109/tvcg.2019.2934540,5d6f8f5d47c8f76646cb1ea6,doi
10.1109/tvcg.2021.3114817,6156e6665244ab9dcb5500d9,doi
10.1109/visual.1999.809938,539087f820f70186a0d72a8b,doi
10.1109/vast.2009.5333451,53e9ac62b7602d9703632b32,doi
10.1109/visual.1993.398900,558a2c9ce4b031bae1f61a24,doi
10.1109/vast.2008.4677362,558b0bfde4b037c0875ab4df,doi
10.1109/tvcg.2015.2467872,563b69d10cf20b987890bc95,doi
10.1109/visual.1996.568114,539087dd20f70186a0d62a1a,doi
10.1109/tvcg.2019.2934280,5d36dcc73a55ac954df90f3e,doi
10.1109/visual.1999.809908,539087f820f70186a0d72a71,doi
10.1109/visual.2005.1532857,5390a05a20f70186a0e4ac1b,title
10.1109/tvcg.2022.3209377,62f3220a90e50fcafd115a4e,doi
10.1109/visual.2004.57,5390979920f70186a0e00575,doi
10.1109/visual.2000.885694,5390881220f70186a0d7e17a,title
10.1109/visual.2003.1250362,539098b820f70186a0e0a6c6,doi
10.1109/tvcg.2015.2467971,563b69d20cf20b987890bca8,doi
10.1109/tvcg.2006.170,53909a9320f70186a0e21aa5,doi
10.1109/vast.2012.6400484,5390bae520f70186a0f3b19c,doi
10.1109/tvcg.2015.2467618,5687dca00cf2afdcd165f982,doi
10.1109/tvcg.2018.2865029,5c0f890cda562944ac9859dd,doi
10.1109/tvcg.2024.3456160,6699cc8401d2a3fbfcc30372,doi
10.1109/tvcg.2008.187,5390a28020f70186a0e62bab,doi
10.1109/vast.2007.4389005,5390a45620f70186a0e733dd,doi
10.1109/tvcg.2020.3030360,5f535ac291e0110c40a7bca3,doi
10.1109/visual.1994.346327,5390958a20f70186a0defa97,doi
10.1109/tvcg.2018.2865241,5c0f890cda562944ac9859fb,doi
10.1109/vast.2006.261429,5390b2d720f70186a0eec382,doi
10.1109/vast.2009.5332485,558b5f45e4b037c0875c862a,doi
10.1109/visual.2001.964506,539089ab20f70186a0d96a98,doi
10.1109/tvcg.2007.70523,53909f8c20f70186a0e3f797,doi
10.1109/tvcg.2009.174,5390a6d920f70186a0e87dca,doi
10.1109/visual.2004.66,5390979920f70186a0e00574,doi
10.1109/tvcg.2010.207,5390ada620f70186a0ec24d1,doi
10.1109/vast.2010.5651617,53e998cdb7602d97021082f5,doi
10.1109/visual.1993.398901,53e9a533b7602d9702e567e8,doi
10.1109/tvcg.2020.3030387,5f3cf30191e011c89f2f16e1,doi
10.1109/tvcg.2020.3030442,5f900b399fced0a24b2caaa4,doi
10.1109/tvcg.2020.3030412,5f9a94e0d4150a363c9d51de,doi
10.1109/visual.2004.12,5390979920f70186a0e00524,doi
10.1109/tvcg.2006.137,53909a9320f70186a0e21ac0,doi
10.1109/vast.2009.5333023,53e999feb7602d9702246b94,doi
10.1109/tvcg.2020.3030391,5f86cb9691e011dbc7eba30d,doi
10.1109/tvcg.2022.3209486,6334267f90e50fcafd6a4a0a,doi
10.1109/visual.2002.1183788,539089ab20f70186a0d96b4e,doi
10.1109/tvcg.2013.222,5390be6620f70186a0f4bbb5,doi
10.1109/tvcg.2014.2346912,55503f9145ce0a409eb2eca4,doi
10.1109/vast.2009.5333950,558b5fc7e4b037c0875c8910,doi
10.1109/visual.1995.480802,53908bcc20f70186a0dc6cd4,doi
10.1109/visual.2004.21,5390979920f70186a0e00578,doi
10.1109/tvcg.2009.119,5390a6d920f70186a0e87dd2,doi
10.1109/tvcg.2015.2468291,563b69d20cf20b987890bcb4,doi
10.1109/tvcg.2024.3456347,6662f1db01d2a3fbfc8620f0,doi
10.1109/visual.2001.964501,539089ab20f70186a0d96a93,doi
10.1109/infvis.2005.1532131,5390990f20f70186a0e10030,doi
10.1109/tvcg.2011.202,5390b20120f70186a0ee5077,doi
10.1109/vast.2011.6102486,558b3045e4b031bae1fbfef8,doi
10.1109/tvcg.2008.135,5390a28020f70186a0e62bb5,doi
10.1109/tvcg.2013.127,5390be6620f70186a0f4bba5,doi
10.1109/tvcg.2014.2346983,557c6c7ff66765fbb46b2e8c,doi
10.1109/tvcg.2023.3326512,64f7f8e53fda6d7f06f251e7,doi
10.1109/tvcg.2009.120,5390a6d920f70186a0e87d88,doi
10.1109/visual.2002.1183779,539089ab20f70186a0d96b45,doi
10.1109/tvcg.2007.70534,53909f8c20f70186a0e3f76c,doi
10.1109/vast.2007.4389036,5390a45620f70186a0e733f9,doi
10.1109/tvcg.2017.2744098,59ae0cda0cf284510fa8b42e,doi
10.1109/tvcg.2021.3114775,6156e6665244ab9dcb54fe7e,doi
10.1109/tvcg.2006.186,53909a9320f70186a0e21ab9,doi
10.1109/tvcg.2012.258,53e9a0c9b7602d97029b146e,doi
10.1109/visual.1991.175832,5390958a20f70186a0def6d7,doi
10.1109/tvcg.2009.152,5390a6d920f70186a0e87d9c,doi
10.1109/visual.1992.235221,5390958a20f70186a0def6ec,doi
10.1109/tvcg.2008.117,5390a28020f70186a0e62bb2,doi
10.1109/tvcg.2019.2934208,5d4409be3a55acdd764724ca,doi
10.1109/vast50239.2020.00009,60376537d3485cfff1d90753,doi
10.1109/tvcg.2023.3326571,6538ade6939a5f4082b0b4e3,doi
10.1109/visual.2004.33,5390979920f70186a0e0058f,doi
10.1109/vast.2007.4388994,5390a45620f70186a0e733d2,doi
10.1109/infvis.2003.1249030,5390aeba20f70186a0ecb006,doi
10.1109/tvcg.2014.2346319,557c3cae6feeaa8086d96424,doi
10.1109/tvcg.2019.2934619,5d25bcd73a55ac8369528f99,doi
10.1109/vast.2018.8802509,5d610c3c3a55ac9ed9d7f003,title
10.1109/tvcg.2007.70584,53909f8c20f70186a0e3f769,doi
10.1109/tvcg.2015.2467952,563b69d10cf20b987890bc89,doi
10.1109/tvcg.2019.2934629,5d4409be3a55acdd7647238e,doi
10.1109/visual.1996.568103,539087dd20f70186a0d62865,doi
10.1109/visual.1996.568149,539087dd20f70186a0d62ac3,doi
10.1109/visual.1995.480821,53908bcc20f70186a0dc6cca,doi
10.1109/vast.2007.4388990,5390a45620f70186a0e733ce,doi
10.1109/scivis.2015.7429506,573698876e3b12023e746179,doi
10.1109/tvcg.2016.2598542,58437713ac44360f1082cbcc,doi
10.1109/visual.2001.964516,539089ab20f70186a0d96aa2,doi
10.1109/visual.1994.346312,5390958a20f70186a0defaa6,doi
10.1109/vast.2009.5333428,53e9b326b7602d9703df331b,doi
10.1109/tvcg.2020.3030435,5f4f61a291e0111f07b308b1,doi
10.1109/vast.2007.4389037,5390a45620f70186a0e733fa,doi
10.1109/tvcg.2019.2934804,5d63ae47ed7e9c7926557dcc,doi
10.1109/tvcg.2022.3209418,63357b8490e50fcafd1c2c6b,doi
10.1109/infvis.2000.885092,53908cde20f70186a0dcd8a9,doi
10.1109/visual.1994.346290,5390958a20f70186a0defabc,doi
10.1109/infvis.2004.71,5390979920f70186a0e010c4,doi
10.1109/infvis.2004.56,5390979920f70186a0e010e7,doi
10.1109/tvcg.2011.199,5390b20120f70186a0ee506a,doi
10.1109/tvcg.2016.2598518,58437713ac44360f1082cc38,doi
10.1109/tvcg.2017.2745140,59ae0cda0cf284510fa8b3fb,doi
10.1109/tvcg.2022.3209356,62ecac955aee126c0f0acdb6,doi
10.1109/tvcg.2023.3327162,653ca290939a5f4082909a82,doi
10.1109/visual.1992.235217,5390958a20f70186a0def6f0,doi
10.1109/visual.2004.62,5390979920f70186a0e00547,doi
10.1109/tvcg.2006.195,53909a9320f70186a0e21adc,doi
10.1109/vast.2015.7347681,573697316e3b12023e621573,doi
10.1109/visual.2000.885711,5390881220f70186a0d7e18e,doi
10.1109/visual.2004.11,5390979920f70186a0e0058d,doi
10.1109/tvcg.2015.2467931,563b69d20cf20b987890bca6,doi
10.1109/tvcg.2021.3114769,6100f5635244ab9dcbbdf325,doi
10.1109/visual.2003.1250366,539098b820f70186a0e0a6ca,doi
10.1109/vast.2007.4389002,5390a45620f70186a0e733da,doi
10.1109/tvcg.2021.3114845,6156e6665244ab9dcb550032,doi
10.1109/visual.2003.1250404,539098b820f70186a0e0a6ef,doi
10.1109/vast.2012.6400530,5390bae520f70186a0f3b1b1,doi
10.1109/tvcg.2020.3030371,5f589d2491e011e46ee731e0,doi
10.1109/tvcg.2024.3456320,66835f4601d2a3fbfc717f6d,doi
10.1109/visual.1990.146367,5390958a20f70186a0def670,doi
10.1109/visual.1993.398898,5390958a20f70186a0def798,doi
10.1109/tvcg.2009.195,5390a6d920f70186a0e87d8b,doi
10.1109/tvcg.2009.161,5390a6d920f70186a0e87d8d,doi
10.1109/tvcg.2009.154,5390a6d920f70186a0e87ddb,doi
10.1109/vast.2008.4677377,53e9b70fb7602d97042a70c0,doi
10.1109/tvcg.2022.3209395,633eb80a90e50fcafdceb9e3,doi
10.1109/tvcg.2013.182,5390be6620f70186a0f4bbdd,doi
10.1109/tvcg.2024.3456384,66df86f001d2a3fbfcc6845c,doi
10.1109/infvis.2005.1532149,5390990f20f70186a0e10041,doi
10.1109/tvcg.2009.140,5390a6d920f70186a0e87dcf,doi
10.1109/tvcg.2018.2864901,5c0f890cda562944ac9859cb,doi
10.1109/tvcg.2020.3030422,5f61dab391e011fae8fd69ba,doi
10.1109/tvcg.2008.149,5390a28020f70186a0e62ba7,doi
10.1109/tvcg.2013.177,5390be6620f70186a0f4bbac,doi
10.1109/tvcg.2024.3456312,66d678ae01d2a3fbfcb73e99,doi
10.1109/vast.2008.4677392,53e9aa32b7602d97033a2079,doi
10.1109/scivis.2015.7429487,573698876e3b12023e74617d,doi
10.1109/tvcg.2017.2744299,59ae0cda0cf284510fa8b420,doi
10.1109/tvcg.2021.3114826,60f5734b5244ab9dcb1fdf94,doi
10.1109/tvcg.2022.3209386,6305970d90e50fcafd35b305,doi
10.1109/visual.2004.88,5390979920f70186a0e00568,doi
10.1109/tvcg.2012.249,53e9adffb7602d970380ba6d,doi
10.1109/tvcg.2019.2934669,5d3ed2653a55ac61d99858b8,doi
10.1109/tvcg.2008.112,5390a28020f70186a0e62b93,doi
10.1109/visual.2002.1183780,539089ab20f70186a0d96b46,doi
10.1109/visual.1995.485158,53908bcc20f70186a0dc6cf0,doi
10.1109/infvis.2002.1173148,53908cde20f70186a0dcd8df,doi
10.1109/tvcg.2006.158,53909a9320f70186a0e21aa4,doi
10.1109/tvcg.2007.70561,53909f8c20f70186a0e3f77d,doi
10.1109/vast.2011.6102443,53e9b89bb7602d9704476fba,doi
10.1109/tvcg.2021.3114866,628d2bc25aee126c0f54ed01,doi
10.1109/tvcg.2023.3326574,64d1bdf93fda6d7f06ec4ac7,doi
10.1109/infvis.1999.801869,53908cde20f70186a0dcd895,doi
10.1109/vast.2007.4389023,5390a45620f70186a0e733ee,doi
10.1109/tvcg.2011.232,5390b20120f70186a0ee505c,doi
10.1109/vast.2006.261420,53e9bbfbb7602d9704858733,doi
10.1109/tvcg.2020.3030411,5f9e88ead4150a363c46ca0d,doi
10.1109/tvcg.2023.3326575,65472ee2939a5f408243d371,doi
10.1109/visual.1993.398849,5390958a20f70186a0def767,doi
10.1109/visual.2000.885733,53e9a958b7602d97032b015a,doi
10.1109/visual.1992.235219,5390958a20f70186a0def6ee,doi
10.1109/tvcg.2007.70528,53909f8c20f70186a0e3f788,doi
10.1109/vast.2010.5650854,53e99c66b7602d97025156a2,doi
10.1109/tvcg.2018.2865040,5c0f890cda562944ac9859de,doi
10.1109/visual.1993.398892,5390958a20f70186a0def792,doi
10.1109/visual.1996.567602,53e9b089b7602d9703af3727,doi
10.1109/visual.1996.567796,539087dd20f70186a0d6285b,doi
10.1109/visual.2004.116,5390979920f70186a0e0058c,doi
10.1109/tvcg.2010.218,5390ada620f70186a0ec24a0,doi
10.1109/tvcg.2010.222,5390ada620f70186a0ec24c0,doi
10.1109/tvcg.2012.267,53e9a501b7602d9702e252c7,doi
10.1109/tvcg.2012.243,558b656b84ae84d265c32462,doi
10.1109/tvcg.2015.2467201,5687e0d20cf2afdcd165fbf9,doi
10.1109/tvcg.2021.3114815,6156e6665244ab9dcb550057,doi
10.1109/visual.1999.809936,539087f820f70186a0d72a8a,doi
10.1109/infvis.1998.729556,53908af920f70186a0db06bb,doi
10.1109/visual.1995.485153,53908bcc20f70186a0dc6cdd,doi
10.1109/tvcg.2007.70602,53909f8c20f70186a0e3f761,doi
10.1109/tvcg.2009.124,5390a6d920f70186a0e87de2,doi
10.1109/tvcg.2016.2598447,58437713ac44360f1082cc3b,doi
10.1109/tvcg.2023.3327393,64dd9b053fda6d7f0622e83e,doi
10.1109/visual.1992.235190,53e99f19b7602d97027e5d25,doi
10.1109/tvcg.2014.2346575,55503f9145ce0a409eb2ec9b,doi
10.1109/tvcg.2024.3456364,6699cc8401d2a3fbfcc3053b,doi
10.1109/tvcg.2024.3456340,66b96bb301d2a3fbfcb64837,doi
10.1109/visual.1996.568137,539087dd20f70186a0d62a6e,doi
10.1109/vast.2012.6400488,5390bae520f70186a0f3b1a0,doi
10.1109/visual.1996.568115,53e9a7d6b7602d9703117305,doi
10.1109/vast.2011.6102491,558b3046e4b031bae1fbfefc,doi
10.1109/tvcg.2022.3209463,62ea18e05aee126c0fca2ead,doi
10.1109/tvcg.2024.3456341,669729b401d2a3fbfc786fc5,doi
10.1109/tvcg.2024.3456377,66a9ad9f01d2a3fbfc38e392,doi
10.1109/tvcg.2016.2598862,58437713ac44360f1082cbd6,doi
10.1109/vast47406.2019.8986948,5cb065bce1cd8e14e10f87a7,doi
10.1109/tvcg.2023.3327197,64d4658d3fda6d7f06890970,doi
10.1109/tvcg.2024.3456309,669de28b01d2a3fbfc6ed477,doi
10.1109/visual.1995.485144,53908bcc20f70186a0dc6cea,doi
10.1109/tvcg.2017.2743859,59ae0cdb0cf284510fa8b444,doi
10.1109/tvcg.2018.2865047,5c0f890cda562944ac9859e0,doi
10.1109/tvcg.2021.3114821,615837ec5244ab9dcb3c8b55,doi
10.1109/tvcg.2024.3456306,66a6f6d401d2a3fbfc53f702,doi
10.1109/visual.1994.346295,53908f5b20f70186a0ddaab5,doi
10.1109/vast.2011.6102447,53e9b49bb7602d9703fa7ebd,doi
10.1109/tvcg.2022.3209390,62e3501a5aee126c0fba9684,doi
10.1109/infvis.2000.885096,53908cde20f70186a0dcd8a8,doi
10.1109/vast.2009.5333917,558b604d84ae84d265c307d6,doi
10.1109/tvcg.2012.212,558b657b84ae84d265c324b6,doi
10.1109/tvcg.2015.2467717,5687e3940cf2afdcd165fda1,doi
10.1109/tvcg.2018.2865044,5b1643ba8fbcbf6e5a9bc785,doi
10.1109/tvcg.2020.3030431,5f5ca16a91e0115b33151e4f,doi
10.1109/tvcg.2022.3209480,63493df190e50fcafd6da9b4,doi
10.1109/tvcg.2023.3326920,644744fb71ac66d2cbf9b936,doi
10.1109/visual.2000.885676,5390881220f70186a0d7e163,doi
10.1109/tvcg.2007.70522,53909f8c20f70186a0e3f775,doi
10.1109/tvcg.2017.2744238,59ae0cda0cf284510fa8b424,doi
10.1109/visual.1997.663860,61c9444f5244ab9dcb7bba60,doi
10.1109/visual.1990.146390,5390958a20f70186a0def687,doi
10.1109/vast.2010.5652940,558be29284ae6766fdefcd0d,doi
10.1109/tvcg.2020.3030337,5f75aea891e0111c1eb4d409,doi
10.1109/tvcg.2022.3209456,62f1d08b90e50fcafd88e8a1,doi
10.1109/visual.1996.567606,539087dd20f70186a0d62835,doi
10.1109/visual.1996.567777,539087dd20f70186a0d6284a,doi
10.1109/visual.1995.480799,53908bcc20f70186a0dc6cb8,doi
10.1109/infvis.2004.41,5390979920f70186a0e010df,doi
10.1109/tvcg.2021.3114864,6040a85091e011a0653f060f,doi
10.1109/visual.1991.175771,539087b320f70186a0d51363,doi
10.1109/infvis.2005.1532132,5390990f20f70186a0e10031,doi
10.1109/tvcg.2009.191,5390a6d920f70186a0e87dc8,doi
10.1109/tvcg.2015.2467811,563b69d10cf20b987890bc9b,doi
10.1109/tvcg.2007.70594,53e9bd50b7602d97049e121f,doi
10.1109/infvis.2004.65,5390975920f70186a0dfd8f1,doi
10.1109/visual.2004.35,5390979920f70186a0e0052e,doi
10.1109/tvcg.2014.2346415,55503f8f45ce0a409eb2ebde,doi
10.1109/visual.2000.885712,5390881220f70186a0d7e18f,doi
10.1109/tvcg.2007.70568,53909f8c20f70186a0e3f785,doi
10.1109/tvcg.2014.2346323,557c60d808b02739a5ca5ad0,doi
10.1109/tvcg.2015.2467196,563b69d10cf20b987890bca2,doi
10.1109/tvcg.2019.2934396,5cc8227ce1cd8e018e4cfb85,doi
10.1109/tvcg.2013.122,5390be6620f70186a0f4bbbb,doi
10.1109/tvcg.2013.184,5390be6620f70186a0f4bbd0,doi
10.1109/tvcg.2015.2467194,562103090cf276a3be15e864,doi
10.1109/tvcg.2022.3209380,631aaf0690e50fcafdafa1dd,doi
10.1109/tvcg.2010.200,5390ada620f70186a0ec247f,doi
10.1109/vast.2009.5333564,53e9abb2b7602d9703560878,doi
10.1109/tvcg.2023.3326595,642f8a3790e50fcafd43160d,doi
10.1109/tvcg.2024.3456370,6617404613fb2c6cf63f9958,doi
10.1109/visual.1993.398899,558a2ca1e4b031bae1f61a3e,doi
10.1109/tvcg.2023.3326521,6510edb83fda6d7f06b90e6a,doi
10.1109/infvis.2000.885090,53908cde20f70186a0dcd8a2,doi
10.1109/visual.1991.175791,5390958a20f70186a0def6b6,doi
10.1109/tvcg.2006.175,53909a9320f70186a0e21a8d,doi
10.1109/tvcg.2011.253,5390b20120f70186a0ee505d,doi
10.1109/tvcg.2016.2599017,599c7857601a182cd25bbcfe,doi
10.1109/tvcg.2019.2934433,5cd9402ee1cd8e8e2dd155d0,doi
10.1109/tvcg.2020.3030458,5f46564791e011938ffdd05f,doi
10.1109/visual.2000.885725,5390881220f70186a0d7e1a6,doi
10.1109/infvis.2004.43,5390979920f70186a0e010d4,doi
10.1109/tvcg.2024.3456348,66ee050f01d2a3fbfc9d5ec0,doi
10.1109/visual.1991.175794,5390958a20f70186a0def6b8,doi
10.1109/visual.1998.745302,53e9b903b7602d97044e673a,doi
10.1109/tvcg.2015.2467202,5687e4220cf2afdcd165fdea,doi
10.1109/tvcg.2023.3327363,65472ee2939a5f408243d370,doi
10.1109/visual.1999.809864,539087f820f70186a0d72a2a,doi
10.1109/visual.2004.94,5390979920f70186a0e00543,doi
10.1109/tvcg.2006.123,53909a9320f70186a0e21abd,doi
10.1109/tvcg.2008.109,5390a28020f70186a0e62ba4,doi
10.1109/tvcg.2012.224,53e99db7b7602d9702674096,doi
10.1109/tvcg.2018.2864838,5c0f88edda562944ac98168c,doi
10.1109/vast.2011.6102445,53e9ad3bb7602d970371c22d,doi
10.1109/tvcg.2019.2934807,5d2da1af3a55acd1016fafd7,doi
10.1109/infvis.2004.52,5390979920f70186a0e010c9,doi
10.1109/tvcg.2007.70559,53909a9320f70186a0e21ac2,doi
10.1109/tvcg.2019.2934368,5d9869e547c8f76646f36632,doi
10.1109/visual.1996.568120,539087dd20f70186a0d62a37,doi
10.1109/visual.1993.398861,5390958a20f70186a0def773,doi
10.1109/infvis.2002.1173157,53e9a238b7602d9702b407e5,doi
10.1109/visual.1998.745319,539087eb20f70186a0d6c0db,doi
10.1109/visual.2004.39,5390979920f70186a0e00573,doi
10.1109/tvcg.2009.171,5390a6d920f70186a0e87dcc,doi
10.1109/visual.1993.398883,53e998cdb7602d97021080d5,doi
10.1109/vast.2009.5334430,53e99c12b7602d97024bfca4,doi
10.1109/vast.2012.6400493,5390bae520f70186a0f3b1a5,doi
10.1109/tvcg.2022.3209384,624d05075aee126c0f4a759d,doi
10.1109/infvis.2000.885099,53908cde20f70186a0dcd8a0,doi
10.1109/tvcg.2009.196,5390a6d920f70186a0e87dcb,doi
10.1109/vast.2012.6400534,5390bae520f70186a0f3b1b5,doi
10.1109/vast.2009.5334301,53e99ca8b7602d9702559397,doi
10.1109/infvis.1999.801859,53e9ab89b7602d9703531aee,doi
10.1109/tvcg.2020.3030475,5f438ce991e01165ef974aaa,doi
10.1109/visual.2004.61,5390979920f70186a0e00523,doi
10.1109/infvis.2004.76,5390979920f70186a0e010e9,doi
10.1109/visual.2000.885728,5390881220f70186a0d7e1ad,doi
10.1109/tvcg.2008.172,5390a28020f70186a0e62bae,doi
10.1109/infvis.1997.636791,53e9ad82b7602d97037794b8,doi
10.1109/vast.2008.4677353,53e9b890b7602d970446206c,doi
10.1109/tvcg.2020.3030466,5f8821259fced0a24b0d9c1f,doi
10.1109/tvcg.2009.142,5390a6d920f70186a0e87dda,doi
10.1109/tvcg.2017.2745240,59ae0cda0cf284510fa8b3f4,doi
10.1109/visual.1996.568109,539087dd20f70186a0d62869,doi
10.1109/tvcg.2006.152,53909a9320f70186a0e21aaa,doi
10.1109/tvcg.2012.252,53e99d81b7602d9702640718,doi
10.1109/tvcg.2012.196,53e9b96eb7602d970455c4b6,doi
10.1109/tvcg.2012.285,53e9bc8eb7602d970490be5e,doi
10.1109/tvcg.2018.2865117,5c0f8a56da562944ac9af2c4,doi
10.1109/tvcg.2019.2934313,5d5e685ded7e9c7926549798,doi
10.1109/visual.1999.809889,539087f820f70186a0d72a41,title
10.1109/tvcg.2009.130,5390a6d920f70186a0e87da5,doi
10.1109/tvcg.2013.145,5390be6620f70186a0f4bbd2,doi
10.1109/vast.2009.5334456,558b6061e4b037c0875c8cf0,doi
10.1109/visual.1996.568141,539087dd20f70186a0d62a7e,doi
10.1109/tvcg.2006.165,53909a9320f70186a0e21aa8,doi
10.1109/tvcg.2013.143,5390be6620f70186a0f4bbf7,doi
10.1109/visual.1998.745342,539087eb20f70186a0d6c102,doi
10.1109/tvcg.2006.176,53909a9320f70186a0e21ab4,doi
10.1109/tvcg.2017.2745118,59ae0cda0cf284510fa8b3fe,doi
10.1109/tvcg.2017.2743939,59ae0cdb0cf284510fa8b440,doi
10.1109/visual.2002.1183806,539089ab20f70186a0d96b60,doi
10.1109/vast.2012.6400550,5390bae520f70186a0f3b1c5,doi
10.1109/visual.1992.235215,5390958a20f70186a0def6f2,doi
10.1109/tvcg.2009.143,5390a6d920f70186a0e87dc1,doi
10.1109/visual.1996.569203,53e9b6e8b7602d970427b86b,doi
10.1109/tvcg.2014.2346482,5577f1c1d19f3a8156a608b4,doi
10.1109/visual.1993.398902,53e99e9ab7602d9702760eb3,doi
10.1109/vast.2010.5653599,53e9bbd4b7602d97048223e0,doi
10.1109/visual.2001.964520,539089ab20f70186a0d96aa6,doi
10.1109/tvcg.2013.130,5390be6620f70186a0f4bbc2,doi
10.1109/tvcg.2014.2346446,557c542008b02739a5ca464b,doi
10.1109/vast.2009.5333431,53e99b3cb7602d97023e0208,doi
10.1109/tvcg.2015.2467204,5687defe0cf2afdcd165fad5,doi
10.1109/tvcg.2009.158,5390a6d920f70186a0e87d90,doi
10.1109/vast.2010.5653580,53e9a44fb7602d9702d6c0c3,doi
10.1109/vast.2010.5650177,558be13f84ae6766fdefc5dc,doi
10.1109/tvcg.2017.2744199,59ae0cda0cf284510fa8b426,doi
10.1109/tvcg.2018.2864506,5c0f8a0ada562944ac9a519e,doi
10.1109/visual.2001.964511,539089ab20f70186a0d96a9d,doi
10.1109/tvcg.2008.173,5390a28020f70186a0e62bca,doi
10.1109/tvcg.2012.291,53e9b67db7602d97041e731f,doi
10.1109/tvcg.2022.3209398,63357b8490e50fcafd1c2c87,doi
10.1109/visual.2000.885681,5390881220f70186a0d7e169,doi
10.1109/tvcg.2010.163,5390ada620f70186a0ec249e,doi
10.1109/visual.2001.964554,539089ab20f70186a0d96ac7,doi
10.1109/tvcg.2008.119,5390a28020f70186a0e62bc8,doi
10.1109/tvcg.2010.177,5390ada620f70186a0ec24b1,doi
10.1109/tvcg.2011.249,5390b20120f70186a0ee5094,doi
10.1109/tvcg.2012.209,53e9b388b7602d9703e6a000,doi
10.1109/tvcg.2014.2346419,558c147e84ae6766fdf0ee28,doi
10.1109/tvcg.2023.3327170,64b60eaa3fda6d7f06eaea28,doi
10.1109/infvis.1998.729567,53908af920f70186a0db0740,doi
10.1109/tvcg.2007.70601,53909f8c20f70186a0e3f79c,doi
10.1109/visual.2001.964563,53e9a7a5b7602d97030df3a0,doi
10.1109/vast.2014.7042495,5550451845ce0a409eb53992,doi
10.1109/visual.1997.663876,539087e620f70186a0d6755c,doi
10.1109/tvcg.2016.2598589,58437713ac44360f1082cbbc,doi
10.1109/tvcg.2016.2598465,58437713ac44360f1082cbd7,doi
10.1109/visual.1999.809914,53908bcc20f70186a0dc6d44,doi
10.1109/tvcg.2012.277,53e99edfb7602d97027a8bba,doi
10.1109/infvis.1995.528682,53e9a3c1b7602d9702cd26a9,doi
10.1109/vast.2006.261431,53e9b40eb7602d9703f055d3,doi
10.1109/vast.2006.261432,53e9b87fb7602d970444c809,doi
10.1109/infvis.2000.885098,53908cde20f70186a0dcd89e,doi
10.1109/visual.2001.964564,539089ab20f70186a0d96ad0,doi
10.1109/tvcg.2012.214,53e9a114b7602d9702a0326e,doi
10.1109/tvcg.2022.3209411,633269e790e50fcafd48da97,doi
10.1109/visual.1999.809922,539087f820f70186a0d72a7f,doi
10.1109/visual.2002.1183801,539089ab20f70186a0d96b5b,doi
10.1109/vast.2008.4677369,5390a5dc20f70186a0e7eb94,doi
10.1109/tvcg.2017.2743980,59ae0cdb0cf284510fa8b43b,doi
10.1109/tvcg.2021.3114762,6156e6655244ab9dcb54fe32,doi
10.1109/tvcg.2013.173,5390be6620f70186a0f4bbb9,doi
10.1109/vast.2010.5652932,53e9be3cb7602d9704af9168,doi
10.1109/tvcg.2024.3456321,66d129e301d2a3fbfce2c5fc,doi
10.1109/visual.1993.398873,5390958a20f70186a0def77f,doi
10.1109/visual.2003.1250389,539098b820f70186a0e0a6e1,doi
10.1109/tvcg.2009.181,5390a6d920f70186a0e87db8,doi
10.1109/tvcg.2010.199,5390ada620f70186a0ec24a1,doi
10.1109/tvcg.2015.2467198,5687e8bd0cf2afdcd16600f8,doi
10.1109/tvcg.2017.2743989,59ae0cdb0cf284510fa8b439,doi
10.1109/tvcg.2018.2864816,5c0f88edda562944ac981685,doi
10.1109/tvcg.2020.3030425,5f8821259fced0a24b0d9ba5,doi
10.1109/visual.1996.568129,539087dd20f70186a0d62a50,doi
10.1109/visual.2002.1183772,539089ab20f70186a0d96b3e,doi
10.1109/tvcg.2013.174,5390be6620f70186a0f4bba4,doi
10.1109/tvcg.2014.2346271,55503f9145ce0a409eb2ec58,doi
10.1109/vast.2015.7347630,573697316e3b12023e6214ca,doi
10.1109/tvcg.2020.3030384,5da052ba3a55acfef1482482,doi
10.1109/tvcg.2012.186,53e9b388b7602d9703e68ceb,doi
10.1109/tvcg.2014.2346898,55503f9145ce0a409eb2eca8,doi
10.1109/visual.2001.964533,539089ab20f70186a0d96ab3,doi
10.1109/visual.2004.95,5390979920f70186a0e0053a,doi
10.1109/tvcg.2007.70557,53909f8c20f70186a0e3f7aa,doi
10.1109/tvcg.2013.191,5390be6620f70186a0f4bbc9,doi
10.1109/tvcg.2018.2864843,5c0f88edda562944ac98168f,doi
10.1109/tvcg.2020.3030351,5fd9dc5fd4150a363c7e339c,doi
10.1109/tvcg.2023.3327163,6459ac57d68f896efa657e5c,doi
10.1109/visual.1992.235195,5390958a20f70186a0def706,doi
10.1109/tvcg.2010.192,5390ada620f70186a0ec2486,doi
10.1109/tvcg.2013.137,5390be6620f70186a0f4bbd9,doi
10.1109/tvcg.2015.2467757,563b69d20cf20b987890bcab,doi
10.1109/tvcg.2018.2864498,5c0f88edda562944ac981673,doi
10.1109/tvcg.2020.3030394,5f4e293791e011084df59de8,doi
10.1109/tvcg.2018.2865265,5c0f890cda562944ac9859fd,doi
10.1109/visual.1995.480803,53908bcc20f70186a0dc6cd6,doi
10.1109/tvcg.2011.247,5390b20120f70186a0ee5067,doi
10.1109/vast.2014.7042479,557c148fd19fa4669fa1a770,doi
10.1109/vast.2011.6102474,5c6107cada56297340b1737c,doi
10.1109/tvcg.2019.2934591,5cbdb6aae1cd8e20c9be4dfa,doi
10.1109/tvcg.2023.3326904,642ce6f390e50fcafde74c10,doi
10.1109/infvis.1996.559220,53908cde20f70186a0dcd861,doi
10.1109/tvcg.2017.2744478,5a4aef9e17c44a2190f7acde,doi
10.1109/tvcg.2018.2864769,5c0f8b82da562944ac9d5a14,doi
10.1109/visual.1993.398848,5390958a20f70186a0def766,doi
10.1109/tvcg.2014.2346432,55503f9045ce0a409eb2ec41,doi
10.1109/tvcg.2015.2467195,563b69d30cf20b987890bd59,doi
10.1109/visual.1998.745351,539087eb20f70186a0d6c115,doi
10.1109/infvis.2000.885093,53908cde20f70186a0dcd8a7,doi
10.1109/tvcg.2007.70579,53909f8c20f70186a0e3f7ab,doi
10.1109/tvcg.2009.137,5390a6d920f70186a0e87d92,doi
10.1109/tvcg.2017.2745941,59ae0cda0cf284510fa8b3ea,doi
10.1109/tvcg.2020.3030385,5f55ff0291e011c84a475941,doi
10.1109/visual.1999.809906,539087f820f70186a0d72a6f,doi
10.1109/visual.2002.1183767,539089ab20f70186a0d96b39,doi
10.1109/tvcg.2020.3028894,5f6330a291e011242e3f2b80,doi
10.1109/tvcg.2008.151,5390a28020f70186a0e62bb6,doi
10.1109/vast.2007.4388999,5390a45620f70186a0e733d7,doi
10.1109/tvcg.2011.223,5390b20120f70186a0ee5082,doi
10.1109/tvcg.2010.136,5390ada620f70186a0ec24cf,doi
10.1109/tvcg.2016.2598497,58437713ac44360f1082cc3c,doi
10.1109/tvcg.2022.3209378,629b14d15aee126c0fc404ff,doi
10.1109/vast.2006.261450,53e9b5afb7602d97040f4706,doi
10.1109/tvcg.2014.2346979,557c23eff6672d70710ee482,doi
10.1109/tvcg.2018.2865266,5c0f890cda562944ac9859fe,doi
10.1109/tvcg.2019.2934595,5d3ad4d93a55ac70000b43b7,doi
10.1109/visual.1998.745344,539087eb20f70186a0d6c108,doi
10.1109/visual.2004.122,5390979920f70186a0e0052c,doi
10.1109/tvcg.2012.239,558b656d84ae84d265c3246f,doi
10.1109/tvcg.2021.3114823,611b3c7d5244ab9dcb88270c,doi
10.1109/tvcg.2019.2934375,5d5e685ded7e9c79265497a1,doi
10.1109/tvcg.2008.179,5390a28020f70186a0e62ba2,doi
10.1109/vast.2007.4389003,5390a45620f70186a0e733db,doi
10.1109/tvcg.2009.180,5390a6d920f70186a0e87dbf,doi
10.1109/tvcg.2020.3030370,5f57677191e011f4c3d5dd0b,doi
10.1109/tvcg.2024.3456187,66a9a05401d2a3fbfc233b81,doi
10.1109/visual.1995.480813,53908bcc20f70186a0dc6ce0,doi
10.1109/tvcg.2006.167,53909a9320f70186a0e21ac4,doi
10.1109/tvcg.2008.140,5390a28020f70186a0e62ba6,doi
10.1109/tvcg.2016.2599217,58437713ac44360f1082cbf0,doi
10.1109/tvcg.2022.3209433,6334267f90e50fcafd6a4a56,doi
10.1109/vast.2011.6102470,53e9a04ab7602d9702931d67,doi
10.1109/tvcg.2014.2346351,55503f9045ce0a409eb2ec40,doi
10.1109/tvcg.2015.2467031,563b69d10cf20b987890bc80,doi
10.1109/tvcg.2024.3456330,66e0d5a301d2a3fbfc92a059,doi
10.1109/visual.1990.146413,5390958a20f70186a0def69c,doi
10.1109/tvcg.2014.2346441,55503f9045ce0a409eb2ec02,doi
10.1109/vast.2008.4677354,558b0bfbe4b037c0875ab4d7,doi
10.1109/tvcg.2015.2467951,5687df180cf2afdcd165fae4,doi
10.1109/tvcg.2022.3209478,63195d8990e50fcafde7e6bc,doi
10.1109/tvcg.2024.3456359,648697e6d68f896efaa879bf,doi
10.1109/tvcg.2011.251,5390b20120f70186a0ee506f,doi
10.1109/tvcg.2012.256,53e9ace9b7602d97036c85d4,doi
10.1109/visual.1999.809897,539087f820f70186a0d72a66,doi
10.1109/visual.2001.964535,539089ab20f70186a0d96ab5,doi
10.1109/tvcg.2010.205,5390ada620f70186a0ec24bd,doi
10.1109/vast.2012.6400489,5390bae520f70186a0f3b1a1,doi
10.1109/vast.2010.5652460,53e9acb5b7602d9703691f9a,doi
10.1109/tvcg.2024.3456291,66bc132f01d2a3fbfc58ce39,doi
10.1109/visual.1999.809910,539087f820f70186a0d72a73,doi
10.1109/visual.1995.480811,53908bcc20f70186a0dc6cee,doi
10.1109/vast.2014.7042484,5550451945ce0a409eb539c2,doi
10.1109/tvcg.2021.3114806,6156e6665244ab9dcb54ff2b,doi
10.1109/vast.2017.8585669,5c38b5583a55acc9e54e226a,doi
10.1109/tvcg.2015.2467771,563b69d20cf20b987890bcad,doi
10.1109/tvcg.2018.2864477,5aed14d617c44a4438159005,doi
10.1109/tvcg.2020.3030369,5f900b399fced0a24b2ca8c5,doi
10.1109/visual.2001.964524,539089ab20f70186a0d96aaa,doi
10.1109/vast.2009.5333436,53e99915b7602d970214da1b,doi
10.1109/tvcg.2016.2599058,58437713ac44360f1082cbc0,doi
10.1109/tvcg.2011.244,5390b20120f70186a0ee5070,doi
10.1109/visual.1998.745346,539087eb20f70186a0d6c10f,doi
10.1109/visual.2004.87,5390979920f70186a0e0053e,doi
10.1109/tvcg.2014.2346258,55503f9045ce0a409eb2ec2e,doi
10.1109/vast.2014.7042480,556f4ef52401b4b38c235dcf,doi
10.1109/tvcg.2017.2745138,59ae0cda0cf284510fa8b3fd,doi
10.1109/visual.1999.809907,539087f820f70186a0d72a70,doi
10.1109/vast.2011.6102479,53e9ae17b7602d97038277c6,doi
10.1109/vast.2011.6102441,558b3041e4b031bae1fbfed4,title
10.1109/tvcg.2017.2744686,59ae0cda0cf284510fa8b40c,doi
10.1109/tvcg.2017.2744258,59ae0cda0cf284510fa8b423,doi
10.1109/tvcg.2018.2865234,5c0f890cda562944ac9859f7,doi
10.1109/visual.1996.567804,539087dd20f70186a0d6285e,doi
10.1109/visual.2003.1250405,539098b820f70186a0e0a6f0,doi
10.1109/tvcg.2007.70580,53909f8c20f70186a0e3f78f,doi
10.1109/vast.2007.4389027,5390a45620f70186a0e733f2,doi
10.1109/vast.2012.6400532,5390bae520f70186a0f3b1b3,doi
10.1109/tvcg.2012.187,53e9b4c3b7602d9703fdd935,doi
10.1109/tvcg.2024.3456315,66a8496001d2a3fbfc080560,doi
10.1109/tvcg.2009.112,5390a6d920f70186a0e87da4,doi
10.1109/tvcg.2019.2934613,5d42baea3a55ac0e3f273947,doi
10.1109/tvcg.2020.3030336,5ee3526a91e011cb3bff713f,doi
10.1109/infvis.1998.729557,53908af920f70186a0db073b,doi
10.1109/tvcg.2007.70592,53909f8c20f70186a0e3f782,doi
10.1109/vast.2015.7347677,573697316e3b12023e621608,doi
10.1109/tvcg.2019.2934620,5d63ae47ed7e9c7926557db1,doi
10.1109/tvcg.2021.3114694,6156e6665244ab9dcb54fe6b,doi
10.1109/tvcg.2007.70582,53e9a396b7602d9702ca250c,doi
10.1109/tvcg.2017.2744320,59ae0cda0cf284510fa8b41e,doi
10.1109/tvcg.2017.2744019,59ae0cdb0cf284510fa8b435,doi
10.1109/tvcg.2021.3114684,60fe39735244ab9dcb371b21,doi
10.1109/infvis.2000.885105,53908cde20f70186a0dcd8b1,doi
10.1109/vast.2012.6400545,5390bae520f70186a0f3b1c0,doi
10.1109/tvcg.2019.2934670,5d63ae47ed7e9c7926557dc0,doi
10.1109/tvcg.2021.3114827,6110a1805244ab9dcb301769,doi
10.1109/tvcg.2013.230,5390be6620f70186a0f4bbba,doi
10.1109/tvcg.2022.3209467,62f1d08b90e50fcafd88e8f7,doi
10.1109/visual.2002.1183781,539089ab20f70186a0d96b47,doi
10.1109/visual.2002.1183809,539089ab20f70186a0d96b63,doi
10.1109/vast.2009.5333020,53e9aabcb7602d9703438079,doi
10.1109/vast.2008.4677395,53e9bdacb7602d9704a5ad74,doi
10.1109/tvcg.2023.3327168,64b76c6a3fda6d7f068ee344,doi
10.1109/tvcg.2024.3456342,66ac3e7c01d2a3fbfc897be9,doi
10.1109/infvis.2004.20,5390979920f70186a0e010e5,doi
10.1109/tvcg.2010.189,5390ada620f70186a0ec24aa,doi
10.1109/infvis.2003.1249011,5390aeba20f70186a0ecaff3,doi
10.1109/vast50239.2020.00006,60377c2c91e01137f314de14,doi
10.1109/visual.1994.346294,5390958a20f70186a0defab8,doi
10.1109/vast.2009.5333968,53e9984bb7602d970207bfb8,doi
10.1109/visual.2005.1532772,558a8f45e4b031bae1f859aa,title
10.1109/tvcg.2016.2599107,58437713ac44360f1082cbba,doi
10.1109/tvcg.2018.2865230,5c0f8a56da562944ac9af2c9,doi
10.0000/00000001,53908cde20f70186a0dcd8b0,title
10.1109/vast.2015.7347628,573697316e3b12023e621669,doi
10.1109/tvcg.2024.3456144,66a1b12601d2a3fbfc21f5dd,doi
10.1109/visual.1994.346338,5390958a20f70186a0defa8c,doi
10.1109/infvis.2004.68,5390979920f70186a0e010c6,doi
10.1109/tvcg.2013.227,5390be6620f70186a0f4bbcb,doi
10.1109/visual.2001.964534,539089ab20f70186a0d96ab4,doi
10.1109/visual.2004.85,5390979920f70186a0e00528,doi
10.1109/tvcg.2014.2346425,55503f8f45ce0a409eb2ebe2,doi
10.1109/vast.2007.4388989,599c7c2d601a182cd2790fc2,doi
10.1109/tvcg.2019.2934658,5d3589f93a55ac747eacb891,doi
10.1109/vast.2012.6400552,5390bae520f70186a0f3b1c7,doi
10.1109/vast.2009.5333961,53e9a6b5b7602d9702fe7c2a,doi
10.1109/tvcg.2018.2864844,5c0f88edda562944ac981690,doi
10.1109/visual.1990.146394,5390958a20f70186a0def68b,doi
10.1109/visual.1993.398864,5390958a20f70186a0def776,doi
10.1109/tvcg.2008.158,5390a28020f70186a0e62bb8,doi
10.1109/tvcg.2010.152,5390ada620f70186a0ec2481,doi
10.1109/visual.1995.485150,53e9ba76b7602d970469aee9,doi
10.1109/tvcg.2022.3209374,6334267f90e50fcafd6a4a08,doi
10.1109/vast.2009.5334460,53e9bc9eb7602d9704920c74,doi
10.1109/tvcg.2019.2934312,5d4409be3a55acdd764724ce,doi
10.1109/tvcg.2019.2934547,5d7cbcc447c8f76646dc3202,doi
10.1109/tvcg.2020.3030455,5f22a2b791e0113629960bc2,doi
10.1109/visual.1996.568142,539087dd20f70186a0d62a84,doi
10.1109/tvcg.2019.2934666,5c615e59e1cd8eae150186bd,doi
10.1109/tvcg.2020.3030467,601d1a49af79179a9907679b,doi
10.1109/tvcg.2022.3209457,63357b8490e50fcafd1c2c88,doi
10.1109/tvcg.2006.161,53909a9320f70186a0e21ad4,doi
10.1109/tvcg.2008.166,5390a28020f70186a0e62bb1,doi
10.1109/tvcg.2009.162,5390a6d920f70186a0e87dc3,doi
10.1109/tvcg.2023.3326579,651a282d3fda6d7f0600a118,doi
10.1109/tvcg.2020.3030469,5f27d9d291e0116d6719f860,doi
10.1109/visual.1998.745310,539087eb20f70186a0d6c0c3,doi
10.1109/tvcg.2012.226,53e9abdab7602d970359059d,doi
10.1109/vast.2011.6102435,53e9bb08b7602d9704743911,doi
10.1109/visual.1992.235225,53e9bdbfb7602d9704a709e9,doi
10.1109/visual.1991.175804,5390958a20f70186a0def6c0,doi
10.1109/infvis.2004.17,5390979920f70186a0e010ea,doi
10.1109/tvcg.2007.70576,53909f8c20f70186a0e3f767,doi
10.1109/tvcg.2023.3326927,64f7f9443fda6d7f06f28b6d,doi
10.1109/tvcg.2008.130,5390a28020f70186a0e62bb7,doi
10.1109/tvcg.2020.3028947,5f80365d9fced0a24b9afd90,doi
10.1109/tvcg.2013.146,5390be6620f70186a0f4bbea,doi
10.1109/vast.2008.4677367,53e9b1d6b7602d9703c65f7e,doi
10.1109/tvcg.2018.2864817,5c0f88edda562944ac981686,doi
10.1109/tvcg.2018.2864884,5c0f890cda562944ac9859c6,doi
10.1109/tvcg.2024.3456399,66df86d001d2a3fbfcc642ee,doi
10.1109/visual.2002.1183804,539089ab20f70186a0d96b5e,doi
10.1109/tvcg.2006.141,53909a9320f70186a0e21a99,doi
10.1109/tvcg.2022.3209440,62ea18e05aee126c0fca2e32,doi
10.1109/tvcg.2008.120,5390a28020f70186a0e62bc3,doi
10.1109/vast.2010.5652520,53e9a6d0b7602d9703007709,doi
10.1109/visual.2000.885744,5390881220f70186a0d7e1c5,doi
10.1109/tvcg.2020.3030381,5f8821259fced0a24b0d9a54,doi
10.1109/tvcg.2021.3114835,6156e6665244ab9dcb54fefe,doi
10.1109/visual.1998.745293,539087eb20f70186a0d6c0a0,doi
10.1109/visual.2004.107,5390979920f70186a0e0054d,doi
10.1109/vast.2012.6400537,5390bae520f70186a0f3b1b8,doi
10.1109/visual.1997.663932,539087e620f70186a0d675ab,doi
10.1109/visual.1990.146364,5390958a20f70186a0def66d,doi
10.1109/tvcg.2012.218,53e9b930b7602d970451ac46,doi
10.1109/vast.2010.5650815,558be171e4b02b9f07a3cb79,doi
10.1109/tvcg.2019.2934335,5d285a9a3a55ac1fc6b520a5,doi
10.1109/tvcg.2020.3030420,628d1a9f5aee126c0f385251,doi
10.1109/tvcg.2006.201,53909a9320f70186a0e21aae,doi
10.1109/tvcg.2014.2346444,55503f9045ce0a409eb2ec46,doi
10.1109/visual.1999.809883,539087f820f70186a0d72a3b,doi
10.1109/visual.2003.1250358,539098b820f70186a0e0a6c2,doi
10.1109/visual.2003.1250427,539098b820f70186a0e0a728,doi
10.1109/visual.1990.146415,53e9a825b7602d970316f502,doi
10.1109/tvcg.2014.2346318,557c423808b02739a5ca284f,doi
10.1109/vast.2009.5333468,558b5fc784ae84d265c30474,doi
10.1109/tvcg.2018.2865027,5b3d98cc17c44a510f801e2d,doi
10.1109/tvcg.2024.3456314,66df86fd01d2a3fbfcc6914a,doi
10.1109/visual.2002.1183798,539089ab20f70186a0d96b58,doi
10.1109/tvcg.2010.170,5390ada620f70186a0ec2496,doi
10.1109/vast.2009.5333081,558b5f61e4b031bae1fd07ad,doi
10.1109/tvcg.2008.154,5390a28020f70186a0e62bd6,doi
10.1109/tvcg.2009.110,5390a6d920f70186a0e87dc9,doi
10.1109/visual.1992.235192,53e9b07db7602d9703ae4ad5,doi
10.1109/tvcg.2010.137,558bd75ae4b0cfb70a1a2397,doi
10.1109/tvcg.2016.2598590,58437713ac44360f1082cbe2,doi
10.1109/visual.2000.885697,5390881220f70186a0d7e17d,doi
10.1109/visual.1995.485139,53908bcc20f70186a0dc6cc9,doi
10.1109/tvcg.2007.70586,53909f8c20f70186a0e3f794,doi
10.1109/tvcg.2021.3114842,6114b35f5244ab9dcbe65102,doi
10.1109/tvcg.2021.3114687,61d823475244ab9dcbab0b64,doi
10.1109/tvcg.2022.3209365,633d610d90e50fcafd1d89b2,doi
10.1109/tvcg.2011.200,5390b20120f70186a0ee5074,doi
10.1109/tvcg.2015.2467991,563b69d20cf20b987890bca7,doi
10.1109/tvcg.2021.3114849,6156e6655244ab9dcb54fda9,doi
10.1109/visual.1995.480812,53908bcc20f70186a0dc6ced,doi
10.1109/tvcg.2008.167,5390a28020f70186a0e62bd0,doi
10.1109/visual.1996.567610,539087dd20f70186a0d6283d,doi
10.1109/visual.2004.31,5390979920f70186a0e00589,doi
10.1109/visual.2001.964491,539089ab20f70186a0d96a89,doi
10.1109/tvcg.2016.2598667,58437713ac44360f1082cc03,doi
10.1109/tvcg.2021.3114869,6156e6665244ab9dcb550117,doi
10.1109/tvcg.2010.223,5390ada620f70186a0ec248b,doi
10.1109/vast.2006.261434,53e9b476b7602d9703f76c09,doi
10.1109/tvcg.2023.3326584,64e6d5a53fda6d7f0652a3c6,doi
10.1109/tvcg.2007.70598,53909f8c20f70186a0e3f765,doi
10.1109/visual.1996.568132,539087dd20f70186a0d62a52,doi
10.1109/visual.1996.568147,539087dd20f70186a0d62ac0,doi
10.1109/visual.1990.146368,5390958a20f70186a0def671,doi
10.1109/visual.2004.90,5390979920f70186a0e00531,doi
10.1109/infvis.2004.10,5390979920f70186a0e010cd,doi
10.1109/visual.1999.809893,539087f820f70186a0d72a45,doi
10.1109/visual.2004.22,5390979920f70186a0e0057a,doi
10.1109/vast.2009.5333469,53e9a727b7602d970305fde7,doi
10.1109/tvcg.2016.2598664,58437713ac44360f1082cc39,doi
10.1109/tvcg.2020.3030438,5f4e1ae491e011084df59c3e,doi
10.1109/tvcg.2021.3114855,6156e6665244ab9dcb550116,doi
10.1109/tvcg.2024.3456356,66cbe07801d2a3fbfc59647d,doi
10.1109/tvcg.2008.157,5390a28020f70186a0e62b8e,doi
10.1109/tvcg.2013.172,5390be6620f70186a0f4bbb4,doi
10.1109/visual.2003.1250365,53e9a931b7602d97032847a6,doi
10.1109/tvcg.2014.2346626,55503f9045ce0a409eb2ec52,doi
10.1109/vast47406.2019.8986934,5d42bae23a55ac0e3f273790,doi
10.1109/visual.1991.175835,5390958a20f70186a0def6da,doi
10.1109/visual.1997.663896,539087e620f70186a0d6757f,doi
10.1109/tvcg.2009.194,5390a6d920f70186a0e87dd7,doi
10.1109/vast.2017.8585613,5c38b5583a55acc9e54e224d,doi
10.1109/vast.2011.6102457,558b3043e4b031bae1fbfee4,doi
10.1109/tvcg.2023.3326593,64b60eaa3fda6d7f06eaebc9,doi
10.1109/tvcg.2022.3209361,5f75b76d91e0111c1eb4d4b8,doi
10.1109/tvcg.2014.2346591,557c2910f6672d70710ee819,doi
10.1109/tvcg.2016.2599106,58437713ac44360f1082cbec,doi
10.1109/tvcg.2017.2744378,59ae0cda0cf284510fa8b417,doi
10.1109/vast.2011.6102474,634d806890e50fcafd4e2adc,doi
10.1109/visual.2001.964557,539089ab20f70186a0d96aca,doi
10.1109/vast.2007.4389034,5390a45620f70186a0e733f7,doi
10.1109/visual.1995.480792,558a3920e4b0b32fcb358b4b,doi
10.1109/visual.1999.809923,539087f820f70186a0d72a80,doi
10.1109/vast.2008.4677358,558b0c04e4b037c0875ab50e,doi
10.1109/tvcg.2018.2864526,5c0f88edda562944ac98167b,doi
10.1109/tvcg.2009.189,5390a6d920f70186a0e87dad,doi
10.1109/vast.2006.261422,53e9a3abb7602d9702cb9035,doi
10.1109/tvcg.2019.2934811,5d90812d47c8f76646f1f060,doi
10.1109/vast.2006.261415,53e9aae6b7602d97034672b6,doi
10.1109/tvcg.2024.3456145,66a99bbf01d2a3fbfc1d050f,doi
10.1109/visual.1994.346302,5390958a20f70186a0defab0,doi
10.1109/tvcg.2012.276,53e9a388b7602d9702c950a4,doi
10.1109/vast.2008.4677389,53e9addbb7602d97037e6c2e,doi
10.1109/visual.2005.1532791,558a8f4ae4b031bae1f859ce,title
10.1109/vast.2015.7347687,5666e71f0cf21b6358414f68,doi
10.1109/tvcg.2017.2743978,59ae0cdb0cf284510fa8b43d,doi
10.1109/infvis.2004.63,5390979920f70186a0e010d6,doi
10.1109/tvcg.2011.227,5390b20120f70186a0ee5038,doi
10.1109/tvcg.2015.2467449,563b69d10cf20b987890bc88,doi
10.1109/tvcg.2021.3114830,60dd133d91e011cc85cbcaf6,doi
10.1109/tvcg.2021.3114774,6156e6655244ab9dcb54fe63,doi
10.1109/visual.1998.745282,539087eb20f70186a0d6c095,doi
10.1109/tvcg.2008.143,5390a28020f70186a0e62bce,doi
10.1109/tvcg.2009.169,5390a6d920f70186a0e87db6,doi
10.1109/infvis.2002.1173156,53e9b008b7602d9703a632d2,doi
10.1109/vast.2011.6102458,53e9b557b7602d9704091087,doi
10.1109/tvcg.2022.3209425,628304435aee126c0f6ecfff,doi
10.1109/tvcg.2022.3209464,6336c8c990e50fcafd192ab9,doi
10.1109/visual.2000.885673,5390881220f70186a0d7e160,doi
10.1109/tvcg.2017.2744459,59ae0cda0cf284510fa8b412,doi
10.1109/vast.2014.7042494,5550451945ce0a409eb539a7,title
10.1109/tvcg.2019.2934334,5d4018463a55ac91db22af42,doi
10.1109/visual.1996.568146,539087dd20f70186a0d62abd,doi
10.1109/visual.1992.235178,5390958a20f70186a0def717,doi
10.1109/tvcg.2018.2864914,5c0f890cda562944ac9859d2,doi
10.1109/tvcg.2022.3209469,6336c8c090e50fcafd18f65a,doi
10.1109/tvcg.2007.70582,53909f8c20f70186a0e3f78e,doi
10.1109/tvcg.2010.161,5390ada620f70186a0ec24ae,doi
10.1109/tvcg.2012.230,53e9b716b7602d97042aef3f,doi
10.1109/vast.2010.5652880,53e9bb93b7602d97047dbe04,doi
10.1109/tvcg.2012.217,53e9bd50b7602d97049e14c8,doi
10.1109/tvcg.2017.2744518,59ae0cda0cf284510fa8b410,doi
10.1109/vast.2017.8585498,5c38b5583a55acc9e54e223c,doi
10.1109/visual.2002.1183759,539089ab20f70186a0d96b31,doi
10.1109/visual.1992.235227,5390958a20f70186a0def6e6,doi
10.1109/visual.2004.109,5390979920f70186a0e00570,doi
10.1109/tvcg.2008.128,5390a28020f70186a0e62b95,doi
10.1109/tvcg.2011.259,5390b20120f70186a0ee508f,doi
10.1109/vast.2011.6102442,53e9b2ccb7602d9703d77301,doi
10.1109/tvcg.2016.2599049,58437713ac44360f1082cbb3,doi
10.1109/tvcg.2019.2934656,5d42bae23a55ac0e3f27383a,doi
10.1109/tvcg.2023.3326600,64ed716d3fda6d7f0658a88c,doi
10.1109/vast.2014.7042478,557c1fbcf6672d70710ee21f,doi
10.1109/tvcg.2016.2598918,58437713ac44360f1082cc01,doi
10.1109/tvcg.2020.3030356,5f69d04591e011a2f02706cd,doi
10.1109/visual.1998.745325,53e99b10b7602d97023a5d69,doi
10.1109/vast.2011.6102437,558b3041e4b031bae1fbfed0,doi
10.1109/tvcg.2024.3456346,66b2d66401d2a3fbfcefb377,doi
10.1109/infvis.2002.1173150,53908cde20f70186a0dcd8cd,doi
10.1109/visual.2003.1250416,539098b820f70186a0e0a6fc,doi
10.1109/tvcg.2007.70589,53909f8c20f70186a0e3f778,doi
10.1109/tvcg.2008.150,5390a28020f70186a0e62b94,doi
10.1109/tvcg.2009.144,5390a6d920f70186a0e87d8c,doi
10.1109/tvcg.2016.2598446,58437713ac44360f1082cc18,doi
10.1109/vast.2017.8585646,5c38b5583a55acc9e54e2249,doi
10.1109/tvcg.2019.2934785,5d36dcc73a55ac954df90f07,doi
10.1109/visual.1993.398868,5390958a20f70186a0def77a,doi
10.1109/tvcg.2011.196,5390b20120f70186a0ee506d,doi
10.1109/tvcg.2013.220,5390be6620f70186a0f4bb97,doi
10.1109/tvcg.2014.2346752,557c44296feeaa8086d9743b,doi
10.1109/visual.1997.663909,539087e620f70186a0d67594,doi
10.1109/infvis.2003.1249013,5390962020f70186a0df5b39,doi
10.1109/vast.2007.4389000,5390a45620f70186a0e733d8,doi
10.1109/vast.2017.8585594,5c38b5583a55acc9e54e2254,doi
10.1109/tvcg.2016.2598467,58437713ac44360f1082cbc2,doi
10.1109/visual.1992.235194,5390958a20f70186a0def707,doi
10.1109/tvcg.2017.2744218,59ae0cda0cf284510fa8b425,doi
10.1109/infvis.2004.59,5390979920f70186a0e010ce,doi
10.1109/tvcg.2007.70558,53909f8c20f70186a0e3f77b,doi
10.1109/tvcg.2014.2346746,55503f9145ce0a409eb2ec7b,doi
10.1109/tvcg.2014.2346352,558c147f84ae6766fdf0ee2a,doi
10.1109/tvcg.2017.2743918,59ae0cdb0cf284510fa8b442,doi
10.1109/tvcg.2020.3030358,5f57545691e011f4c3d5daf9,doi
10.1109/tvcg.2021.3114824,61024cd25244ab9dcbb1ac80,doi
10.1109/visual.2002.1183763,539089ab20f70186a0d96b35,title
10.1109/tvcg.2006.172,53909a9320f70186a0e21aa3,doi
10.1109/tvcg.2010.151,5390ada620f70186a0ec247b,doi
10.1109/vast.2008.4677390,53e9a5e9b7602d9702f1556d,doi
10.1109/tvcg.2025.3634263,6710729801d2a3fbfc80c08d,title
10.1109/tvcg.2023.3326573,64f59fb33fda6d7f0648d3a3,doi
10.1109/tvcg.2023.3326937,65472ee2939a5f408243d36f,doi
10.1109/tvcg.2013.213,5390be6620f70186a0f4bb99,doi
10.1109/tvcg.2012.240,558b657084ae84d265c32484,doi
10.1109/tvcg.2020.3030449,5e4672c93a55ac14f595d6ff,doi
10.1109/tvcg.2023.3326587,64c33db93fda6d7f069576a9,doi
10.1109/visual.2000.885672,5390881220f70186a0d7e15f,doi
10.1109/infvis.2000.885103,53908cde20f70186a0dcd8af,doi
10.1109/visual.2004.2,5390979920f70186a0e00571,doi
10.1109/tvcg.2011.204,5390b20120f70186a0ee5096,doi
10.1109/visual.1997.663920,539087e620f70186a0d6759f,doi
10.1109/tvcg.2011.187,5390b20120f70186a0ee5044,doi
10.1109/visual.2004.30,5390979920f70186a0e00553,doi
10.1109/tvcg.2006.196,53909a9320f70186a0e21a8f,doi
10.1109/visual.1997.663916,53e9b77cb7602d9704321b80,doi
10.1109/vast.2008.4677352,558b0bfae4b037c0875ab4d1,doi
10.1109/tvcg.2015.2467622,563b69d20cf20b987890bcb3,doi
10.1109/tvcg.2018.2865021,5c0f890cda562944ac9859d5,doi
10.1109/infvis.1999.801851,53e9a555b7602d9702e7dd1a,doi
10.1109/tvcg.2009.129,5390a6d920f70186a0e87daf,doi
10.1109/tvcg.2011.258,5390b20120f70186a0ee5087,doi
10.1109/tvcg.2016.2598498,599c7857601a182cd25bbeaa,doi
10.1109/tvcg.2019.2934285,5cf0fb593a55ace9442cd3b4,doi
10.1109/tvcg.2021.3114773,6153e0205244ab9dcb39a431,doi
10.1109/tvcg.2022.3209424,62df81c65aee126c0f86f147,doi
10.1109/visual.2001.964552,539089ab20f70186a0d96ac5,doi
10.1109/visual.2000.885741,53e99f48b7602d970281b522,doi
10.1109/vast.2016.7883513,599c7c2d601a182cd2790f94,doi
10.1109/tvcg.2020.3030374,5f6098ef91e01138058701ba,doi
10.1109/tvcg.2022.3209454,630839ef90e50fcafd6ab751,doi
10.1109/visual.2000.885689,5390881220f70186a0d7e174,doi
10.1109/visual.2001.964510,539089ab20f70186a0d96a9c,doi
10.1109/tvcg.2010.186,5390ada620f70186a0ec24b0,doi
10.1109/tvcg.2016.2598791,58437713ac44360f1082cc3d,doi
10.1109/tvcg.2021.3114761,6156e6665244ab9dcb55000b,doi
10.1109/visual.1993.398845,5390958a20f70186a0def763,doi
10.1109/infvis.2005.1532146,5390990f20f70186a0e1003e,doi
10.1109/vast.2008.4677380,558b0bffe4b037c0875ab4eb,doi
10.1109/tvcg.2019.2934812,5cd00e3be1cd8e8ab4150f6e,doi
10.1109/tvcg.2022.3209482,633eb80190e50fcafdce8fbf,doi
10.1109/visual.2004.55,5390979920f70186a0e00550,doi
10.1109/tvcg.2011.182,5390b20120f70186a0ee508b,doi
10.1109/tvcg.2017.2745181,59ae0cda0cf284510fa8b3f6,doi
10.1109/tvcg.2011.242,5390b20120f70186a0ee5084,doi
10.1109/visual.1993.398863,539087be20f70186a0d51ffa,doi
10.1109/visual.1996.568110,539087dd20f70186a0d62a12,doi
10.1109/infvis.2000.885101,53908cde20f70186a0dcd89f,doi
10.1109/infvis.2005.1532143,5390990f20f70186a0e1003b,doi
10.1109/tvcg.2011.234,5390b20120f70186a0ee504b,doi
10.1109/tvcg.2014.2346312,557c80216feeaa8086da006f,doi
10.1109/visual.2000.885716,5390881220f70186a0d7e194,doi
10.1109/vast.2012.6400558,5390bae520f70186a0f3b1cd,doi
10.1109/tvcg.2013.186,5390be6620f70186a0f4bbf3,doi
10.1109/tvcg.2018.2865149,5c0f8a56da562944ac9af2c8,doi
10.1109/tvcg.2023.3326913,6456385ad68f896efacf219e,doi
10.1109/tvcg.2024.3456598,66b57df701d2a3fbfcc593fa,doi
10.1109/tvcg.2012.216,53e9a3e7b7602d9702d0098e,doi
10.1109/tvcg.2014.2346452,55503f9045ce0a409eb2ebe5,doi
10.1109/tvcg.2018.2864849,5c0f890cda562944ac9859c3,doi
10.1109/tvcg.2013.170,5390be6620f70186a0f4bbc0,doi
10.1109/visual.1999.809918,539087f820f70186a0d72a7b,doi
10.1109/visual.1995.480800,53908bcc20f70186a0dc6cb7,doi
10.1109/tvcg.2016.2598827,5550417445ce0a409eb3b6fc,doi
10.1109/tvcg.2015.2467531,563b69d10cf20b987890bca0,doi
10.1109/visual.1996.568144,539087dd20f70186a0d62a95,doi
10.1109/visual.1998.745333,539087eb20f70186a0d6c0f5,doi
10.1109/visual.2004.23,5390979920f70186a0e0055e,doi
10.1109/tvcg.2010.159,5390ada620f70186a0ec24b9,doi
10.1109/infvis.2004.53,5390979920f70186a0e010d8,doi
10.1109/tvcg.2019.2934400,5d4409be3a55acdd76472380,doi
10.1109/tvcg.2023.3327149,64ba03413fda6d7f062731e7,doi
10.1109/tvcg.2007.70526,53909f8c20f70186a0e3f7a7,doi
10.1109/vast.2011.6102463,5390b5c620f70186a0f08942,doi
10.1109/tvcg.2016.2598495,58437713ac44360f1082cc0e,doi
10.1109/tvcg.2020.3030407,5f574d0591e011f4c3d5da29,doi
10.1109/visual.1996.568105,539087dd20f70186a0d62867,doi
10.1109/visual.2000.885691,5390881220f70186a0d7e176,doi
10.1109/vast.2009.5333443,53e9b5e6b7602d9704139a3a,doi
10.1109/tvcg.2014.2346744,557c727f6feeaa8086d9e737,doi
10.1109/tvcg.2014.2346753,55503f9145ce0a409eb2ec68,doi
10.1109/visual.1999.809892,539087f820f70186a0d72a44,doi
10.1109/visual.2000.885687,5390881220f70186a0d7e171,doi
10.1109/tvcg.2019.2934260,5d42baea3a55ac0e3f27393e,doi
10.1109/tvcg.2020.3028954,5f80365d9fced0a24b9afd62,doi
10.1109/tvcg.2009.179,5390a6d920f70186a0e87dbc,doi
10.1109/vast.2009.5333919,53e9b682b7602d97041eca5d,doi
10.1109/visual.1990.146393,5390958a20f70186a0def68a,doi
10.1109/visual.2004.38,5390979920f70186a0e0052d,doi
10.1109/tvcg.2012.207,53e9a447b7602d9702d642fc,doi
10.1109/tvcg.2017.2745878,59ae0cda0cf284510fa8b3ec,doi
10.1109/tvcg.2018.2864886,5c0f890cda562944ac9859c8,doi
10.1109/visual.2004.70,5390979920f70186a0e00525,doi
10.1109/infvis.2005.1532124,5390990f20f70186a0e10029,doi
10.1109/tvcg.2006.180,53909a9320f70186a0e21ac3,doi
10.1109/tvcg.2013.223,5390be6620f70186a0f4bbf9,doi
10.1109/vast.2009.5333967,53e99800b7602d970200bda7,doi
10.1109/visual.1991.175815,539087f320f70186a0d6ebc4,doi
10.1109/visual.1990.146369,5390958a20f70186a0def672,doi
10.1109/visual.2003.1250368,539098b820f70186a0e0a6cc,doi
10.1109/tvcg.2020.3030395,5f900b399fced0a24b2cab02,doi
10.1109/infvis.2004.60,5390979920f70186a0e010c2,doi
10.1109/visual.2003.1250412,539098b820f70186a0e0a6f7,doi
10.1109/tvcg.2021.3114693,6156e6665244ab9dcb55004b,doi
10.1109/tvcg.2024.3456391,6618956313fb2c6cf62e0915,doi
10.1109/visual.2003.1250381,539098b820f70186a0e0a6d9,doi
10.1109/tvcg.2009.175,5390a6d920f70186a0e87d89,doi
10.1109/visual.1992.235197,53e9a089b7602d97029708df,doi
10.1109/vast.2009.5332628,558b5f74e4b037c0875c872c,doi
10.1109/infvis.2000.885094,53908cde20f70186a0dcd8ac,doi
10.1109/infvis.2004.26,5390979920f70186a0e010e3,doi
10.1109/infvis.2005.1532130,5390990f20f70186a0e1002f,doi
10.1109/tvcg.2009.113,5390a6d920f70186a0e87ddf,doi
10.1109/infvis.2004.23,5390979920f70186a0e010f5,doi
10.1109/tvcg.2017.2744359,59ae0cda0cf284510fa8b418,doi
10.1109/tvcg.2022.3209359,63357b8490e50fcafd1c2c66,doi
10.1109/tvcg.2024.3456396,66dbc6d201d2a3fbfcd70c38,doi
10.1109/tvcg.2006.114,53909a9320f70186a0e21ab2,doi
10.1109/tvcg.2007.70519,53909f8c20f70186a0e3f79b,doi
10.1109/tvcg.2011.175,5390b20120f70186a0ee503f,doi
10.1109/visual.1997.663928,53e9bc05b7602d970486805b,doi
10.1109/tvcg.2016.2599042,58437713ac44360f1082cbcf,doi
10.1109/tvcg.2020.3030439,5f8821259fced0a24b0d9b35,doi
10.1109/tvcg.2023.3326934,64d1bdf93fda6d7f06ec4ace,doi
10.1109/tvcg.2014.2346911,55503f9045ce0a409eb2ec33,doi
10.1109/tvcg.2024.3456327,6699cc8401d2a3fbfcc304a9,doi
10.1109/tvcg.2021.3114872,60b03b2391e0118b560feaf5,doi
10.1109/visual.2001.964550,539089ab20f70186a0d96ac3,doi
10.1109/tvcg.2006.138,53909a9320f70186a0e21ad5,doi
10.1109/visual.1998.745331,53e9b577b7602d97040b4194,title
10.1109/vast.2016.7883512,599c7c2d601a182cd2790f0f,doi
10.1109/tvcg.2019.2934243,5d5e685ded7e9c792654975b,doi
10.1109/vast.2017.8585721,5a260c8117c44a4ba8a30aac,doi
10.1109/tvcg.2010.128,5390ada620f70186a0ec24a9,doi
10.1109/vast.2011.6102462,53e9b259b7602d9703cfeb55,doi
10.1109/tvcg.2018.2865232,5c0f890cda562944ac9859f5,doi
10.1109/tvcg.2019.2934281,5c5d8bd8f56def979852a6a9,doi
10.1109/tvcg.2023.3326911,64bf48f93fda6d7f0627478a,doi
10.1109/tvcg.2023.3326526,6538ade6939a5f4082b0b50d,doi
10.1109/visual.2002.1183830,539089ab20f70186a0d96b78,doi
10.1109/tvcg.2010.164,5390ada620f70186a0ec24a7,doi
10.1109/tvcg.2012.193,53e9ab07b7602d970348cb68,doi
10.1109/tvcg.2022.3209475,6335733890e50fcafd10065d,doi
10.1109/tvcg.2024.3456141,66e0d5b501d2a3fbfc92bb4a,doi
10.1109/visual.2001.964532,539089ab20f70186a0d96ab2,doi
10.1109/visual.1993.398859,53e99f5cb7602d970282b97b,doi
10.1109/tvcg.2013.210,5390be6620f70186a0f4bbca,doi
10.1109/tvcg.2023.3326585,650a566d3fda6d7f067ecbea,doi
10.1109/infvis.2004.44,5390979920f70186a0e010b9,doi
10.1109/tvcg.2007.70572,53909f8c20f70186a0e3f79d,doi
10.1109/tvcg.2008.115,5390a28020f70186a0e62bcf,doi
10.1109/vast.2007.4389028,5390a45620f70186a0e733f3,doi
10.1109/infvis.1995.528694,53e9b03db7602d9703a9c525,doi
10.1109/visual.2000.885701,5390881220f70186a0d7e181,doi
10.1109/tvcg.2011.225,5390b20120f70186a0ee5073,doi
10.1109/vast.2014.7042486,5550451945ce0a409eb539b8,doi
10.1109/tvcg.2019.2934287,5d4ac1eb3a55acb184527d0d,doi
10.1109/tvcg.2022.3209357,6305970d90e50fcafd35b586,doi
10.1109/visual.1997.663867,539087e620f70186a0d6754e,doi
10.1109/visual.1990.146395,5390958a20f70186a0def68c,doi
10.1109/visual.1993.398879,5390958a20f70186a0def785,doi
10.1109/tvcg.2012.237,558b657f84ae84d265c324cb,doi
10.1109/tvcg.2007.70538,53909f8c20f70186a0e3f791,doi
10.1109/vast.2015.7347685,573697316e3b12023e62152c,doi
10.1109/tvcg.2021.3114777,618268135244ab9dcbd78e7c,doi
10.1109/tvcg.2017.2743958,59ae0cdb0cf284510fa8b43f,doi
10.1109/tvcg.2018.2865141,5c0f890cda562944ac9859e9,doi
10.1109/visual.1996.567787,539087dd20f70186a0d62855,doi
10.1109/infvis.2004.19,5390979920f70186a0e010cb,doi
10.1109/vast.2015.7347634,5666ebd50cf21b6358415259,doi
10.1109/tvcg.2007.70575,53909f8c20f70186a0e3f7a4,doi
10.1109/vast.2010.5654451,53e99915b7602d970214e412,doi
10.1109/tvcg.2012.261,53e99ad0b7602d970235184d,doi
10.1109/tvcg.2021.3114844,61120f135244ab9dcb115e0e,doi
10.1109/tvcg.2006.184,53909a9320f70186a0e21a9b,doi
10.1109/vast.2007.4389032,5390a45620f70186a0e733f5,doi
10.1109/tvcg.2012.229,53e9a84fb7602d970319bc3d,doi
10.1109/tvcg.2018.2864848,5c0f890cda562944ac9859c2,doi
10.1109/tvcg.2023.3326943,64bf48f93fda6d7f062747a8,doi
10.1109/infvis.2005.1532151,5390990f20f70186a0e10043,doi
10.1109/tvcg.2010.208,5390ada620f70186a0ec2480,doi
10.1109/vast.2009.5333946,558b5fcbe4b037c0875c8933,doi
10.1109/vast.2015.7347671,573697316e3b12023e62160d,doi
10.1109/tvcg.2018.2864839,5c0f88edda562944ac98168d,doi
10.1109/visual.1990.146360,5390958a20f70186a0def669,doi
10.1109/tvcg.2009.198,5390a6d920f70186a0e87da2,doi
10.1109/visual.2002.1183766,53e9a098b7602d970297fe54,doi
10.1109/infvis.2001.963285,53908cde20f70186a0dcd8ba,doi
10.1109/tvcg.2006.162,53909a9320f70186a0e21ad1,doi
10.1109/visual.2002.1183803,539089ab20f70186a0d96b5d,doi
10.1109/infvis.2003.1249014,5390aeba20f70186a0ecaff6,doi
10.1109/vast.2010.5652910,53e9b048b7602d9703aa6ed8,doi
10.1109/tvcg.2018.2864828,5c0f88edda562944ac98168a,doi
10.1109/visual.2002.1183829,539089ab20f70186a0d96b77,doi
10.1109/tvcg.2013.221,5390be6620f70186a0f4bbf2,doi
10.1109/tvcg.2020.3028985,5f0d75e091e011047aff9699,doi
10.1109/tvcg.2024.3456305,669729b401d2a3fbfc787049,doi
10.1109/visual.1992.235204,5390958a20f70186a0def6fd,doi
10.1109/tvcg.2015.2467551,5687e1970cf2afdcd165fc77,doi
10.1109/infvis.2003.1249012,5390aeba20f70186a0ecaff4,doi
10.1109/tvcg.2015.2467035,5687e7830cf2afdcd165ffff,doi
10.1109/tvcg.2014.2346578,558c147e84ae6766fdf0ee24,doi
10.1109/tvcg.2019.2934415,5d4800593a55ac01b0f8fe98,doi
10.1109/tvcg.2021.3114807,60dd3ad591e011cc85cbccd2,doi
10.1109/tvcg.2020.3030453,628d1a9f5aee126c0f38525d,doi
10.1109/visual.2001.964513,539089ab20f70186a0d96a9f,doi
10.1109/tvcg.2011.246,5390b20120f70186a0ee508e,doi
10.1109/tvcg.2017.2743959,59ae0cdb0cf284510fa8b43e,doi
10.1109/tvcg.2010.149,5390ada620f70186a0ec24a8,doi
10.1109/visual.2001.964502,539089ab20f70186a0d96a94,doi
10.1109/infvis.2003.1249005,5390aeba20f70186a0ecafed,doi
10.1109/vast.2014.7042485,556faef52401b4b38c237826,doi
10.1109/vast.2009.5333438,558b5fc184ae84d265c30433,doi
10.1109/visual.1996.568117,539087dd20f70186a0d62a2b,doi
10.1109/tvcg.2008.175,5390a28020f70186a0e62bac,doi
10.1109/tvcg.2010.206,5390ada620f70186a0ec24bf,doi
10.1109/vast.2012.6400555,5390bae520f70186a0f3b1ca,doi
10.1109/visual.1998.745354,53e99b56b7602d97023f9f46,doi
10.1109/tvcg.2016.2598998,58437713ac44360f1082cbbd,doi
10.1109/visual.1999.809888,539087f820f70186a0d72a40,doi
10.1109/tvcg.2006.171,53909a9320f70186a0e21a8e,doi
10.1109/tvcg.2013.129,5390be6620f70186a0f4bbb3,doi
10.1109/vast.2007.4389017,5390a45620f70186a0e733e8,doi
10.1109/tvcg.2024.3456386,669f0e2701d2a3fbfc0a5060,doi
10.1109/visual.1999.809865,539087f820f70186a0d72a2b,doi
10.1109/tvcg.2016.2598609,58437713ac44360f1082cc0c,doi
10.1109/visual.1990.146400,5390958a20f70186a0def691,doi
10.1109/tvcg.2006.174,53909a9320f70186a0e21aa9,doi
10.1109/tvcg.2010.211,5390ada620f70186a0ec2491,doi
10.1109/visual.2001.964500,539089ab20f70186a0d96a92,doi
10.1109/visual.2003.1250429,539098b820f70186a0e0a72a,doi
10.1109/vast.2007.4389006,5390a25820f70186a0e6039b,doi
10.1109/tvcg.2006.117,53909a9320f70186a0e21ac6,doi
10.1109/tvcg.2014.2346276,55503f9145ce0a409eb2ecac,doi
10.1109/tvcg.2015.2467451,5687e6680cf2afdcd165ff49,doi
10.1109/tvcg.2021.3114820,611200675244ab9dcb0a64a2,doi
10.1109/tvcg.2023.3326912,64bf49013fda6d7f06275323,doi
10.1109/tvcg.2020.3030404,5f8821259fced0a24b0d9a6f,doi
10.1109/tvcg.2021.3114802,61124dfa5244ab9dcb4247ec,doi
10.1109/vast.2016.7883511,599c7c2d601a182cd2790e32,doi
10.1109/tvcg.2019.2934594,5d3589f93a55ac747eacb7ad,doi
10.1109/tvcg.2021.3114793,611b5d015244ab9dcb9c5366,doi
10.1109/visual.1995.480796,53908bcc20f70186a0dc6cce,doi
10.1109/vast.2011.6102485,53e9b655b7602d97041b5b45,doi
10.1109/tvcg.2014.2352953,55503f9045ce0a409eb2ec0b,doi
10.1109/vast.2009.5334462,558b5fcee4b0b32fcb3c42f1,doi
10.1109/vast50239.2020.00011,60376545d3485cfff1d91082,doi
10.1109/infvis.2003.1249007,5390979920f70186a0dffce9,doi
10.1109/visual.1998.745280,53e9a66eb7602d9702f9f771,doi
10.1109/tvcg.2014.2346682,55503f9145ce0a409eb2ec5d,doi
10.1109/tvcg.2018.2864499,5b8c9f4a17c44af36f8b6aba,doi
10.1109/infvis.2003.1249025,5390aeba20f70186a0ecb001,doi
10.1109/vast.2010.5651192,53e9a806b7602d970314b742,doi
10.1109/scivis.2015.7429504,573698876e3b12023e746192,doi
10.1109/tvcg.2023.3326594,64d1bde83fda6d7f06ec3afd,doi
10.1109/visual.1993.398856,53e99ee6b7602d97027b0d3e,doi
10.1109/tvcg.2017.2744684,59ae0cda0cf284510fa8b40e,doi
10.1109/tvcg.2018.2865126,5c0f8a56da562944ac9af2c5,doi
10.1109/vast.2012.6400536,5390bae520f70186a0f3b1b7,doi
10.1109/tvcg.2017.2745141,59ae0cda0cf284510fa8b3fa,doi
10.1109/tvcg.2018.2865192,5c0f890cda562944ac9859f1,doi
10.1109/visual.1999.809886,539087f820f70186a0d72a3e,doi
10.1109/visual.1993.398871,5390958a20f70186a0def77d,doi
10.1109/visual.1999.809895,539087f820f70186a0d72a64,doi
10.1109/tvcg.2024.3456323,66b429e501d2a3fbfc92d473,doi
10.1109/infvis.1997.636759,53908cde20f70186a0dcd877,doi
10.1109/tvcg.2009.126,5390a6d920f70186a0e87dd5,doi
10.1109/vast.2012.6400553,5390bae520f70186a0f3b1c8,doi
10.1109/tvcg.2017.2745919,59ae0cda0cf284510fa8b3eb,doi
10.1109/tvcg.2017.2744898,59ae0cda0cf284510fa8b405,doi
10.1109/tvcg.2022.3209455,62e3501a5aee126c0fba9636,doi
10.1109/tvcg.2022.3209426,63357b8490e50fcafd1c2c6e,doi
10.1109/tvcg.2010.173,5390ada620f70186a0ec247c,doi
10.1109/vast.2009.5332584,53e9b71db7602d97042b4559,doi
10.1109/vast.2006.261428,558acdabe4b0b32fcb38f4b2,doi
10.1109/tvcg.2018.2864836,5c0f88edda562944ac98168b,doi
10.1109/tvcg.2020.3030372,5f27dcd891e0116d6719f8ac,doi
10.1109/visual.2004.101,5390979920f70186a0e00544,doi
10.1109/visual.2004.19,5390979920f70186a0e00577,doi
10.1109/tvcg.2006.144,53909a9320f70186a0e21abb,doi
10.1109/visual.1990.146416,5390958a20f70186a0def69f,doi
10.1109/vast.2006.261423,53e9acd3b7602d97036b0b5a,doi
10.1109/tvcg.2019.2934660,5d63ae47ed7e9c7926557dba,doi
10.1109/tvcg.2021.3114765,6156e6665244ab9dcb54ff13,doi
10.1109/visual.2004.78,5390979920f70186a0e0056c,doi
10.1109/tvcg.2015.2467323,563b69d10cf20b987890bc93,doi
10.1109/tvcg.2021.3114837,611231c65244ab9dcb2b498e,doi
10.1109/visual.2002.1183762,539089ab20f70186a0d96b34,doi
10.1109/visual.1994.346293,5390958a20f70186a0defab9,doi
10.1109/tvcg.2009.165,5390a6d920f70186a0e87dd0,doi
10.1109/tvcg.2010.210,5390ada620f70186a0ec24bc,doi
10.1109/scivis.2015.7429508,573698876e3b12023e746182,doi
10.1109/visual.2001.964562,539089ab20f70186a0d96ace,doi
10.1109/tvcg.2009.178,5390a6d920f70186a0e87db5,doi
10.1109/vast.2006.261427,53e9afc0b7602d9703a120cc,doi
10.1109/tvcg.2021.3114834,611210935244ab9dcb121749,doi
10.1109/tvcg.2022.3209407,633d610d90e50fcafd1d89a8,doi
10.1109/visual.2000.885700,5390881220f70186a0d7e180,doi
10.1109/tvcg.2007.70570,53909f8c20f70186a0e3f77f,doi
10.1109/tvcg.2010.126,5390ada620f70186a0ec24c4,doi
10.1109/visual.2005.1532823,53e9a32eb7602d9702c3a63c,title
10.1109/vast.2008.4677361,53e9a9a9b7602d9703309a73,doi
10.1109/vast.2011.6102455,53e9b40eb7602d9703f050a6,doi
10.1109/tvcg.2018.2864509,5c0f88edda562944ac981679,doi
10.1109/tvcg.2022.3209444,63357b8490e50fcafd1c2c5a,doi
10.1109/visual.2000.885710,5390881220f70186a0d7e18d,doi
10.1109/visual.1997.663859,539087e620f70186a0d67543,doi
10.1109/infvis.2004.77,5390979920f70186a0e010ef,doi
10.1109/vast.2009.5332595,558b5f6ce4b037c0875c8700,doi
10.1109/tvcg.2015.2467958,563b69d10cf20b987890bc8e,doi
10.1109/tvcg.2012.286,53e9b708b7602d970429d172,doi
10.1109/vast.2008.4677379,558b0bfee4b037c0875ab4e6,doi
10.1109/tvcg.2017.2746018,59ae0cda0cf284510fa8b3e7,doi
10.1109/visual.1991.175812,5390958a20f70186a0def6c7,doi
10.1109/vast.2011.6102446,53e99a61b7602d97022cba6b,doi
10.1109/tvcg.2012.271,53e9a3e7b7602d9702cfdc8c,doi
10.1109/tvcg.2015.2467759,563b69d10cf20b987890bc9a,doi
10.1109/tvcg.2018.2864851,5c0f8acada562944ac9be675,doi
10.1109/visual.1993.398911,5390958a20f70186a0def796,doi
10.1109/tvcg.2006.135,53909a9320f70186a0e21a95,doi
10.1109/tvcg.2020.3030441,628d1aa15aee126c0f385436,doi
10.1109/tvcg.2007.70583,53909f8c20f70186a0e3f78b,doi
10.1109/tvcg.2013.144,5390be6620f70186a0f4bbf8,doi
10.1109/tvcg.2018.2865039,5c0f8e09da562944aca2cfb9,doi
10.1109/tvcg.2022.3209403,6340034b90e50fcafd1fd228,doi
10.1109/visual.1990.146399,539089bb20f70186a0d98dcd,doi
10.1109/tvcg.2006.119,53909a9320f70186a0e21ace,doi
10.1109/tvcg.2015.2467591,563b69d20cf20b987890bca5,doi
10.1109/tvcg.2022.3209470,63350ce790e50fcafd350e4b,doi
10.1109/visual.2004.98,5390979920f70186a0e00564,doi
10.1109/tvcg.2021.3114779,60fa36925244ab9dcb2ad14a,doi
10.1109/tvcg.2021.3114856,617a7ea75244ab9dcb31cdd6,doi
10.1109/visual.1998.745713,539087eb20f70186a0d6c0be,doi
10.1109/visual.2000.885704,5390881220f70186a0d7e185,doi
10.1109/tvcg.2009.173,5390a6d920f70186a0e87dd9,doi
10.1109/vast.2008.4677355,53e99c6eb7602d970251d52e,doi
10.1109/tvcg.2014.2346320,557c4d09f66765fbb46ae211,doi
10.1109/tvcg.2016.2598416,58437713ac44360f1082cc05,doi
10.1109/visual.1997.663917,539087e620f70186a0d6759c,doi
10.1109/tvcg.2007.70540,53909f8c20f70186a0e3f787,doi
10.1109/tvcg.2010.139,5390ada620f70186a0ec24ce,doi
10.1109/infvis.2003.1249026,53e999e0b7602d9702224724,doi
10.1109/tvcg.2014.2346248,557c56f0f66765fbb46afd1b,doi
10.1109/visual.2001.964494,539087f820f70186a0d72a6d,doi
10.1109/tvcg.2009.184,5390a6d920f70186a0e87da1,doi
10.1109/tvcg.2012.204,53e9985fb7602d9702098177,doi
10.1109/tvcg.2018.2864913,5c0f8a0ada562944ac9a51a0,doi
10.1109/tvcg.2018.2865147,5c0f8a56da562944ac9af2c7,doi
10.1109/tvcg.2020.3030366,5f8821259fced0a24b0d9b7a,doi
10.1109/visual.1994.346316,5390958a20f70186a0defaa2,doi
10.1109/vast.2011.6102450,53e99f35b7602d9702805e2f,doi
10.1109/tvcg.2014.2346451,55503f9045ce0a409eb2ec0f,doi
10.1109/vast.2011.6102468,558b3043e4b031bae1fbfee8,doi
10.1109/visual.1992.235206,5390958a20f70186a0def6fb,doi
10.1109/tvcg.2022.3209460,62d620f45aee126c0fad3e84,doi
10.1109/infvis.2004.50,5390979920f70186a0e010f7,doi
10.1109/visual.2003.1250423,539098b820f70186a0e0a703,doi
10.1109/vast.2011.6102471,53e99b4ab7602d97023ed63f,doi
10.1109/visual.1991.175834,53e9b692b7602d97042017ab,doi
10.1109/tvcg.2014.2346922,55503f9045ce0a409eb2ebf5,doi
10.1109/tvcg.2015.2467471,5687e9530cf2afdcd1660173,doi
10.1109/visual.1997.663858,539087e620f70186a0d67542,doi
10.1109/visual.1997.663880,539087e620f70186a0d6755f,doi
10.1109/tvcg.2006.147,53909a9320f70186a0e21a84,doi
10.1109/tvcg.2006.153,53909a9320f70186a0e21a8a,doi
10.1109/vast.2008.4677363,558b0bfde4b037c0875ab4e3,doi
10.1109/vast.2016.7883514,599c7c2d601a182cd2790ef9,doi
10.1109/tvcg.2018.2865049,5c0f890cda562944ac9859e1,doi
10.1109/tvcg.2022.3209468,62ea18e05aee126c0fca2d43,doi
10.1109/infvis.2004.15,5390979920f70186a0e010c7,doi
10.1109/tvcg.2015.2467620,563b69d20cf20b987890bca9,doi
10.1109/tvcg.2016.2599041,58437713ac44360f1082cc36,doi
10.1109/tvcg.2021.3114797,6156e6655244ab9dcb54fe1b,doi
10.1109/tvcg.2022.3209474,62f4739a90e50fcafdfeed3c,doi
10.1109/tvcg.2023.3326514,64d465973fda6d7f0689147b,doi
10.1109/tvcg.2019.2934668,5d4800593a55ac01b0f8fefd,doi
10.1109/tvcg.2020.3030403,5f8821259fced0a24b0d9a9a,doi
10.1109/visual.1992.235200,5390958a20f70186a0def701,doi
10.1109/visual.1993.398880,5390958a20f70186a0def786,doi
10.1109/tvcg.2007.70541,53909f8c20f70186a0e3f77a,doi
10.1109/tvcg.2013.154,5390be6620f70186a0f4bbd4,doi
10.1109/tvcg.2013.141,5390be6620f70186a0f4bbfd,doi
10.1109/tvcg.2017.2743990,59ae0cdb0cf284510fa8b438,doi
10.1109/tvcg.2021.3114813,611221999e795e22edd89932,doi
10.1109/visual.1999.809863,539087f820f70186a0d72a29,doi
10.1109/tvcg.2021.3114795,628d2bc35aee126c0f54ef4f,doi
10.1109/visual.2000.885738,5390881220f70186a0d7e1bd,doi
10.1109/tvcg.2017.2743981,59ae0cdb0cf284510fa8b43a,doi
10.1109/tvcg.2024.3456366,66a3156601d2a3fbfc9552d4,doi
10.1109/visual.2002.1183754,539089ab20f70186a0d96b2d,doi
10.1109/tvcg.2006.142,53909a9320f70186a0e21a91,doi
10.1109/visual.1998.745321,53e9ac18b7602d97035d9add,doi
10.1109/vast.2016.7883518,599c7c2d601a182cd2790f19,doi
10.1109/vast.2009.5334463,53e9a3abb7602d9702cbf2c5,doi
10.1109/visual.2000.885679,53e9ae8ab7602d97038ad236,title
10.1109/vast.2011.6102498,558b3047e4b031bae1fbff04,doi
10.1109/tvcg.2016.2598585,58437713ac44360f1082cbb7,doi
10.1109/visual.1998.745337,539087eb20f70186a0d6c0fb,doi
10.1109/tvcg.2006.194,53909a9320f70186a0e21abe,doi
10.1109/tvcg.2023.3327165,64ed716d3fda6d7f0658a9c8,doi
10.1109/visual.1999.809920,539087f820f70186a0d72a7d,doi
10.1109/visual.2004.103,5390979920f70186a0e00542,doi
10.1109/tvcg.2015.2467851,563b69d10cf20b987890bc97,doi
10.1109/visual.1994.346315,5390958a20f70186a0defaa3,doi
10.1109/visual.1998.745306,558a8718e4b0b32fcb375884,doi
10.1109/scivis.2015.7429513,573698876e3b12023e74617f,doi
10.1109/tvcg.2020.3030354,5eba73be91e01108d77cf5fc,doi
10.1109/visual.1993.398894,53e99bb1b7602d970245a2b3,doi
10.1109/tvcg.2018.2864825,5c0f88edda562944ac981687,doi
10.1109/tvcg.2021.3114692,60e563cfdfae54c432543fd8,doi
10.1109/visual.1995.480820,53908bcc20f70186a0dc6ce4,doi
10.1109/visual.1990.146381,5390958a20f70186a0def67e,doi
10.1109/tvcg.2008.160,5390a28020f70186a0e62b98,doi
10.1109/tvcg.2012.287,53e9a877b7602d97031c56bc,doi
10.1109/visual.1999.809930,539087f820f70186a0d72a86,doi
10.1109/tvcg.2011.185,5390b20120f70186a0ee5048,doi
10.1109/vast.2012.6400547,5390bae520f70186a0f3b1c2,doi
10.1109/tvcg.2012.251,53e99d96b7602d97026520fd,doi
10.1109/tvcg.2018.2865024,5c0f890cda562944ac9859d8,doi
10.1109/visual.2001.964561,539089ab20f70186a0d96acd,doi
10.1109/tvcg.2015.2467293,5687dd820cf2afdcd165fa00,doi
10.1109/visual.2000.885702,5390881220f70186a0d7e182,doi
10.1109/tvcg.2019.2934534,5d4800593a55ac01b0f8fefb,doi
10.1109/tvcg.2022.3209375,62ea18d25aee126c0fca0f2c,doi
10.1109/infvis.2005.1532137,5390990f20f70186a0e10036,doi
10.1109/tvcg.2013.157,5390be6620f70186a0f4bbfa,doi
10.1109/tvcg.2022.3209500,62f1d08c90e50fcafd88eb8a,doi
10.1109/tvcg.2023.3326941,64b8b1c13fda6d7f062bb009,doi
10.1109/visual.1997.663931,539087e120f70186a0d65a0f,doi
10.1109/visual.1999.809911,539087f820f70186a0d72a74,doi
10.1109/infvis.2003.1249021,558a3d10e4b037c08755f49d,doi
10.1109/tvcg.2018.2865145,5c0f890cda562944ac9859eb,doi
10.1109/visual.1999.809900,539087f820f70186a0d72a69,doi
10.1109/visual.1991.175821,5390958a20f70186a0def6ce,doi
10.1109/tvcg.2021.3114862,611210935244ab9dcb121748,doi
10.1109/tvcg.2023.3326930,653ca290939a5f4082909a76,doi
10.1109/visual.1995.480815,53e9be22b7602d9704adf94b,doi
10.1109/tvcg.2018.2864826,5c0f88edda562944ac981688,doi
10.1109/tvcg.2018.2865139,5c0f890cda562944ac9859e8,doi
10.1109/infvis.1997.636788,53908cde20f70186a0dcd87f,doi
10.1109/visual.1990.146412,5390958a20f70186a0def69b,doi
10.1109/infvis.2005.1532138,5390990f20f70186a0e10037,doi
10.1109/tvcg.2014.2346423,55503f9045ce0a409eb2ec0c,doi
10.1109/tvcg.2016.2598469,58437713ac44360f1082cc08,doi
10.1109/tvcg.2024.3456168,669dbc8001d2a3fbfca4232d,doi
